student_id,name,email,signup_date,location
1,Jasmine Tate,christopher70@kaufman.biz,2024-03-20,North Andrew
2,Kimberly Mcbride,spencejose@wilson.net,2023-12-17,West Christopher
3,Crystal Mcdonald,ucollins@brown.com,2024-01-18,East Elizabeth
4,Julie Nolan,veronica92@gmail.com,2025-01-03,Millerland
5,Harry Garcia,mscott@yahoo.com,2025-05-19,New Mark
6,Jonathan Edwards,kelligillespie@white-costa.com,2023-09-27,Williamland
7,Jon Morgan,mendozajessica@dixon.com,2024-09-20,East Danaland
8,Brandon Wilson,xmartinez@yahoo.com,2025-02-06,East Gary
9,Scott Webster,tmorrow@johnson.com,2023-12-03,Murrayberg
10,Priscilla Miller,jacobgarcia@rose.net,2025-01-25,Lake Jackieport
11,Haley Reynolds,gomezheather@torres.com,2024-07-31,Port Kristinafort
12,Robert Ramirez,robert95@gmail.com,2024-12-01,Ortegafort
13,Brian Perry,karen41@cook.info,2024-04-29,Nicoleton
14,Jerry Cruz Jr.,xkane@stewart-harrison.com,2024-06-05,Josephburgh
15,Stacy Chavez,glennallison@williams-adams.biz,2024-03-07,New Zachary
16,Jennifer Hicks,danny09@gmail.com,2023-09-11,Port Jamesland
17,Michael Rodriguez,robert10@cooper.com,2023-11-02,Lake Katherine
18,Pamela Harrison,anacarr@decker-patterson.info,2024-07-15,Michaelstad
19,Marisa Smith,underwoodkristina@yahoo.com,2024-12-14,Alexisburgh
20,Sean Roberts,tina63@miller.com,2024-10-18,Lake Alyssaville
21,Sandra Cantrell,chaneywilliam@yahoo.com,2025-03-17,New John
22,Rodney Flores,davidbaker@hale.net,2025-04-17,Loriville
23,Justin Thompson,snewton@gmail.com,2023-07-15,Lake Nicoleside
24,Matthew Phillips,jameslarry@yahoo.com,2025-05-29,Clintonborough
25,Alicia Martinez,sara11@gmail.com,2025-05-14,Garciastad
26,Sarah Mendoza,joshua49@hotmail.com,2024-09-22,Ryantown
27,John Kelley,braybrittany@yahoo.com,2024-09-27,Travisfurt
28,Duane Tucker,saraholland@gmail.com,2025-03-14,Zacharytown
29,Steven Hill,barbara96@smith-wright.biz,2024-08-22,South Michaelfurt
30,Ricky Pope,debbie91@martin.com,2024-04-15,South Joannstad
31,Javier Ford,jeanatkinson@wade.com,2025-01-09,Port Jamesshire
32,Timothy Riggs,janet47@hotmail.com,2023-11-19,Port David
33,Carol Baker,jacob88@miller.com,2023-11-25,Lauraton
34,Donna Stephens,jill36@parrish.com,2025-04-18,New Debbieville
35,Diana Bell,stanleywilliam@copeland.com,2023-09-03,New Chelseaton
36,Robert Hoffman,tcortez@hotmail.com,2024-02-12,Montgomeryland
37,Paul Harper,ashley57@yahoo.com,2025-04-21,North Crystal
38,Joseph Tate,andrewsdana@henderson.com,2025-04-06,Ryanmouth
39,Zachary Page,jennifer00@hotmail.com,2025-02-20,Maryfurt
40,Jordan Castillo,jenniferfaulkner@may.biz,2025-02-01,Charleschester
41,Deanna Warren,scottjesse@gmail.com,2024-09-02,Welchstad
42,Philip Buckley,valerie18@rogers.biz,2024-09-01,Lake Margaret
43,Stephanie Moran,hansenpatricia@gmail.com,2024-03-16,Dawsonmouth
44,Stephanie Yoder,kmoon@yahoo.com,2024-06-30,Marshalltown
45,Tonya Wright,fdavis@yahoo.com,2025-05-05,North Cynthia
46,Laurie Pineda,jeremy74@yahoo.com,2024-08-17,Raymondberg
47,Roy Price,wilsonnicole@yahoo.com,2024-12-31,New Makaylaton
48,Timothy Perry,coreythomas@hotmail.com,2025-05-30,South Kevin
49,Dennis Banks,schwartzwendy@sandoval-moran.com,2024-03-12,Kylemouth
50,Mary Logan,smithdavid@yahoo.com,2024-09-06,Port Roberta
51,Joshua Williams,williamsmatthew@arnold.com,2025-03-11,New Theresa
52,Max Walker,jonesjonathan@hotmail.com,2025-03-27,West Justin
53,Chelsea Livingston MD,silvajocelyn@phillips.com,2024-12-25,North Teresaborough
54,Cindy Griffin,christine92@yahoo.com,2025-03-07,Josetown
55,Jeffrey Montoya,lnash@edwards.com,2024-03-06,Higginsport
56,Krystal Mathews DVM,bjohnson@yahoo.com,2025-01-31,New John
57,Linda Austin,romanchristina@sanders.com,2024-06-16,Maryville
58,Charles Perez,rward@frey.com,2024-10-23,West Christopherview
59,Melissa Wells,ellisdaniel@gmail.com,2024-06-14,Ivanbury
60,Steven Peters,hardingtroy@hayes.com,2024-01-08,Harrisonport
61,Sarah Henry,bcline@dorsey.info,2023-08-27,East Jamesbury
62,Louis Brown,michael72@gmail.com,2024-12-18,Port Michael
63,Mary Villarreal,daisy46@hotmail.com,2025-04-06,East Ebonyland
64,Samantha Vaughn,caitlincarney@brooks-taylor.com,2023-06-16,East Samanthamouth
65,Catherine Andrews,amber83@yahoo.com,2025-05-12,Thomaschester
66,Jennifer Payne,jasonblake@melton.com,2023-07-16,West Danielleland
67,Jason Baker,lindajohnson@yahoo.com,2025-01-25,Kurtmouth
68,Bonnie Rios,robinsmith@bailey.com,2024-01-27,West Corey
69,Gabriela Whitney,wheelercaitlin@molina.com,2024-05-11,North Justin
70,Kevin Jacobs,hawkinsshannon@yahoo.com,2024-07-21,New David
71,Tracey Long,joshuamathews@yahoo.com,2023-10-23,Lake Coryfort
72,Bradley Thompson,heatherfox@yahoo.com,2023-06-03,East Ericstad
73,Richard English,julia50@lang.org,2024-07-04,Kirbyborough
74,Virginia Morgan,rsmith@clark-rodriguez.com,2024-03-08,Antonioville
75,Joseph Mason,tiffany93@yahoo.com,2024-12-02,East Laura
76,Scott Curtis,colleen36@lamb.com,2024-11-07,Mccallshire
77,Christine Johnson,rodriguezmary@munoz.com,2024-08-14,South Melanieberg
78,Peter Gregory,cookchristopher@pearson-ortiz.com,2024-08-24,Priceside
79,Tara Lara,williamspeter@gmail.com,2024-01-05,Taylorberg
80,Emily Hartman,madams@hotmail.com,2023-09-26,West Johnhaven
81,Jessica Miller,aliciabutler@hotmail.com,2025-02-21,East Danielle
82,Vincent Robinson,stephanie81@mendoza-webb.org,2023-07-13,North Dawnside
83,Jasmine King,bishopfrederick@gmail.com,2023-08-03,Adamsfurt
84,Melissa Hill,xthomas@soto.com,2023-08-31,New Karenside
85,Traci Taylor,charleszuniga@padilla.com,2024-05-25,New Dawn
86,Edward Robertson,pamela34@gmail.com,2024-05-01,South Sandra
87,Angel Lawrence,tonya87@hotmail.com,2024-07-20,South Patriciaberg
88,Rachel Moon,kirbyangela@oconnell.biz,2025-04-10,Beanchester
89,Maurice Smith MD,bryce01@gmail.com,2024-04-30,Kristenside
90,Michael Saunders,amanda41@yahoo.com,2024-09-18,Bairdtown
91,Anthony Hopkins,francisco65@wood.info,2024-08-26,Sethstad
92,Julie Harris,robert64@george-garcia.net,2025-04-13,Gregorymouth
93,John Wilkerson,cesar80@carpenter.com,2024-07-05,Christineberg
94,David Brown,robertsangela@caldwell-brown.com,2023-08-19,Lake Calvin
95,Kenneth Porter,shannon53@bowen.com,2023-07-21,West Janetmouth
96,William Johnson,kristinperez@wagner.org,2023-10-29,Port Jacobbury
97,Mrs. Olivia Beck,mnewman@gmail.com,2023-10-05,New Kyleburgh
98,Carol Fry,joe53@hotmail.com,2024-07-25,North Walterborough
99,Marcus Thomas,washingtonbrian@gmail.com,2024-05-30,Churchtown
100,William Richards,teresa38@hotmail.com,2024-03-08,Davenportborough
101,Beverly Watson,larry14@sheppard.info,2025-04-23,North Regina
102,Justin Russell,dpeterson@acosta.com,2023-09-28,South Jamesborough
103,Albert Wise,brianmiller@gmail.com,2025-01-31,Robertburgh
104,Wesley Oliver,erin19@gmail.com,2024-09-23,Scottchester
105,Stephanie Thornton,padilladustin@hotmail.com,2023-08-16,Vangchester
106,Kathleen Elliott,stewartangela@morris-hawkins.com,2024-03-17,Lake Ryan
107,Jeff Anderson,acevedomeagan@hotmail.com,2023-10-16,Scottburgh
108,Richard Moreno,amandahays@soto.com,2023-12-26,Lake Bettymouth
109,Tyler Perez,ramosmichele@gmail.com,2024-06-09,Matthewshire
110,Douglas Mills,carlsonbianca@yahoo.com,2025-05-24,West Andrew
111,Kevin Garcia,ramosshawn@gmail.com,2025-02-26,Jacksonhaven
112,Matthew Parks,joseph51@gmail.com,2024-08-28,West Jared
113,Kristin Beck,michael36@gmail.com,2025-01-09,Lake Cathy
114,David Melendez,leah83@parker.info,2024-10-06,Paceshire
115,William Coleman,lewisseth@yahoo.com,2023-11-06,Port Dillon
116,Monica Walters,murphymichele@wright.biz,2024-08-02,Lake Devonshire
117,Darius Brown,kellysingleton@hotmail.com,2024-04-05,Hansonburgh
118,Susan Frazier,perkinsalicia@hotmail.com,2023-11-01,Port Andrea
119,Victor Miller,scurry@gmail.com,2025-03-03,Tamarahaven
120,Angela Alvarado,belinda86@tran.biz,2023-06-02,Terrymouth
121,Joshua Estrada,burtonbrian@yahoo.com,2024-10-25,East Edgarton
122,Samantha Davidson,ylong@curtis-hunt.info,2024-05-20,North Patricia
123,Kristin Ruiz,lowerypatrick@gregory.com,2025-03-27,Crystalburgh
124,David Barnes,waynehicks@ward-nguyen.org,2024-02-27,Willieburgh
125,Craig Ross,anthony26@torres.com,2024-10-09,West Jaredside
126,Mrs. Misty Reese,ythomas@hotmail.com,2024-02-26,North Manuel
127,Richard Richmond,jeremiahcurtis@gmail.com,2025-01-04,Port Patriciaton
128,Chelsea Burgess,wendyharris@hotmail.com,2024-07-24,Courtneyborough
129,Amanda Reese,xclark@jennings.info,2024-02-01,South Allison
130,Jeffery Valencia,andersonvalerie@fitzpatrick-mitchell.com,2025-05-25,Grahamland
131,Samantha Jackson,williamsjennifer@yahoo.com,2024-07-02,West Sergiochester
132,Taylor Le,vmartinez@orr-allen.com,2025-03-11,West Andrewborough
133,Jennifer Brown,tperez@gmail.com,2024-05-16,Baileyville
134,Jacob Patterson,cyork@vasquez.com,2024-06-06,Scottstad
135,Laurie Brown,albertyork@johnson.org,2023-11-28,New Joshua
136,Adam Thompson,kellykathy@williamson.net,2024-04-28,North Thomas
137,Ashley Turner,nathancarrillo@hotmail.com,2023-10-21,South Gina
138,Travis Ho,guzmanshaun@wilson.com,2024-07-09,Shafferside
139,Mary Smith,qhunter@hotmail.com,2023-07-28,New Marytown
140,Erica Aguilar,kdominguez@baker.info,2024-04-20,South Patricia
141,William Moran,mwilliams@gmail.com,2025-03-09,West Lisa
142,Timothy Maynard,jefferyherrera@hotmail.com,2024-04-23,East Margaretmouth
143,Adam Lynch,brenda87@gmail.com,2024-05-24,Fergusontown
144,Angela Gross,combslori@hotmail.com,2024-08-02,Michaelberg
145,Eric Vasquez,eric07@yahoo.com,2023-12-01,North Jasmineberg
146,Jessica Bryant,billy15@gmail.com,2024-10-02,New Theodore
147,Edward Marquez,ohorton@harris.biz,2025-05-14,Lake Tracy
148,Anthony Tran,gblanchard@burns-wong.com,2023-12-26,Lake Jamesbury
149,Chad Gonzalez,christine58@everett-price.biz,2023-08-05,Andersonshire
150,Suzanne Best,cdougherty@hotmail.com,2025-03-05,Jamesfort
151,Heather Harper,schneiderveronica@gmail.com,2024-09-21,Vegafort
152,Bobby Perry,alyssacollier@yahoo.com,2023-06-27,North Kayla
153,Megan Ruiz,pamelapotts@miller-li.com,2023-09-18,Elizabethland
154,Jerome Jacobs,riosrandy@gmail.com,2025-01-08,Nelsonstad
155,Olivia Donaldson,oadkins@hotmail.com,2024-05-05,North Cynthia
156,Deanna Hart,lewischristopher@gmail.com,2024-05-05,Brianstad
157,Brent Robbins,julielester@vargas.com,2025-02-15,Lopezberg
158,Christopher Liu,phuber@hotmail.com,2024-09-25,Port Andrefurt
159,Brittany Taylor,feliciasmith@foley.info,2024-09-09,Davidview
160,Steven Aguirre,isaacyoung@gonzalez.com,2024-09-10,East Amanda
161,Stacy Morgan,mannrobin@quinn-porter.com,2023-09-07,Barbarastad
162,Connor Shaffer,iwalls@kennedy-jones.com,2025-04-21,South Alyssaberg
163,Christopher Frey,hernandezerin@gmail.com,2025-05-19,North Jamesfurt
164,John Walker,susanwilliams@yahoo.com,2024-09-29,South Dianaton
165,Brittany Brown,sbaker@hall.com,2024-09-03,East Normaland
166,James Sullivan,millerbrittany@deleon.com,2024-04-03,Smithfort
167,Alicia Bell,wallison@hill-yates.com,2024-07-06,Dixonport
168,Karen Mcknight,elee@yahoo.com,2025-03-30,Lake Jackburgh
169,Cody Morrison,peter97@hotmail.com,2025-01-20,East Williamview
170,Crystal Mccoy,michelle40@gomez.com,2023-06-18,Port Judithberg
171,Philip Smith,tonyellis@yahoo.com,2025-01-10,East Ashley
172,Kimberly Cook,kevin63@gmail.com,2023-09-05,Andrewchester
173,Joshua Dominguez,judycantu@yahoo.com,2025-04-29,East Sheri
174,Jesse Smith,johnsonbrandon@small.com,2023-10-21,South Kevinside
175,Stanley Foster,andrew54@hotmail.com,2023-09-04,Nelsonfort
176,Jennifer Hardin,wrightjeffery@lamb-martin.info,2025-04-15,Lake Lauren
177,Michael Schultz,dowen@hoffman.com,2023-12-29,Aaronmouth
178,Jennifer Dixon,carlos96@harris.com,2024-06-16,Marshallmouth
179,Marissa Leonard,kenneth71@yahoo.com,2024-02-12,New Austin
180,Heather Taylor,hugheschristina@yahoo.com,2025-01-23,South Ricky
181,Debra Flynn,qbrown@yahoo.com,2024-02-28,South Deborahmouth
182,Paige Black,logannathan@gmail.com,2024-05-01,Port Paul
183,Matthew Meyer,santiagotammy@hotmail.com,2024-04-02,West Tomchester
184,Debra Andrews,jeremy55@hotmail.com,2025-03-14,Port Lauratown
185,Michael Shea,shane05@wallace.com,2023-09-30,East Jamieton
186,Samuel Watson,lhale@yahoo.com,2023-11-22,Michaelside
187,Johnny Jackson,angela40@cardenas.biz,2024-04-17,South Michaelburgh
188,Michelle Evans,kennethsmith@aguirre.com,2023-12-26,Port Lisaview
189,Andrea Bell,bandrews@gmail.com,2024-05-15,New Leah
190,Megan Ellison,adam27@gmail.com,2024-02-06,West Marthamouth
191,Krystal Snow,bryan66@hotmail.com,2024-04-29,Joseport
192,Nicholas Donaldson,xmack@rodriguez-baldwin.com,2023-12-23,Port Brian
193,Brenda Chambers,hendrixgregory@bowman.info,2024-05-05,Christineshire
194,Karl Golden,mgarcia@gmail.com,2024-10-06,Robertborough
195,Michael Hart DVM,megan99@collier-coffey.com,2024-12-19,Stevenland
196,Jason Clements,xoconnell@yahoo.com,2024-01-23,Lake Travisberg
197,Marvin Williams,alexandra05@yahoo.com,2025-05-24,West Karentown
198,Charles Callahan,churchlindsay@gonzalez.com,2024-02-15,Mcfarlandton
199,Thomas Booker,simmonsteresa@lawrence-werner.com,2024-05-12,East Michaelland
200,Shane Burns,zhebert@edwards.com,2024-05-05,Coreytown
201,Kelly Crawford,johnjones@hotmail.com,2023-11-15,Mosestown
202,Stacy Woodward,rebeccaedwards@gmail.com,2023-08-29,Villarrealburgh
203,Donna Figueroa,natalie09@lang-lopez.com,2023-09-08,Port Roytown
204,Michelle Burnett,shelbylyons@hotmail.com,2025-01-14,East Gabrielaton
205,Victor Harvey,perkinsadrian@cameron.biz,2024-05-11,Sullivanview
206,Matthew Greene,colemanlisa@reid.net,2024-09-30,Port Mary
207,Lisa Ross,rebeccamayer@hotmail.com,2024-08-16,Thomasfurt
208,Kristin Smith,cristinakirk@hall.info,2024-02-15,Lake Ericbury
209,Travis Franklin,pittmanjason@gmail.com,2024-03-08,Kevinbury
210,Andrea Mitchell,vkelly@hotmail.com,2024-08-06,Kaylatown
211,Mrs. Carolyn Simmons,jonathansanchez@bauer-baker.com,2024-06-17,West Lindsayborough
212,Deanna Kelley,ibrown@warren.com,2025-02-28,Lake April
213,Michelle Davis,jenniferlopez@gmail.com,2023-09-19,Port Ashleyside
214,Craig Wise,michaelmurphy@hotmail.com,2024-03-30,North Jeffhaven
215,Richard Pena,dunnsarah@osborn.com,2024-10-29,Antoniofort
216,Meghan White,kariberry@hotmail.com,2024-10-31,Smithview
217,Alexis Robinson,salinasmary@rivera.com,2024-08-29,Charlesstad
218,Oscar Mayo,sstout@whitaker.com,2024-03-06,East Steven
219,Carol Tucker,josephthomas@yahoo.com,2024-06-04,Walkerport
220,Kimberly Hodge,amyjones@olson.com,2024-06-05,Ricebury
221,Michael Dunn,lawsonjohn@barnes-navarro.com,2024-02-15,West John
222,Martin Jackson,mendozamitchell@gmail.com,2025-02-25,South Kenneth
223,Michael Davis,colekenneth@stevens.com,2025-01-27,New Melissa
224,Alan Chan,mariejames@nichols.com,2024-10-28,Stevensville
225,Matthew Jones,rickfernandez@hotmail.com,2024-08-07,East Kimberlymouth
226,Valerie Skinner MD,greenecindy@gibson-harrison.biz,2023-08-11,South Normanport
227,Cathy Duffy,sototraci@kennedy.com,2023-12-10,Bookershire
228,Elizabeth Mendez,tking@yahoo.com,2024-09-08,West Jamie
229,Kathleen Merritt,heather02@becker.com,2023-09-24,Johnsonview
230,Dr. John Wiggins,coopertracy@gmail.com,2024-03-25,Kimberlyland
231,Derek Brandt,mercadodonald@nelson.com,2025-02-28,Lake Samantha
232,Ashley Cox,gsanchez@fischer-kim.com,2025-01-04,East Virginiaberg
233,Corey Clark,melissa86@hurley.info,2025-05-05,Hamptonton
234,Anthony Carlson,vjackson@howell.com,2023-06-09,New Kathleentown
235,Steven Gilmore,ucopeland@yahoo.com,2023-12-09,Lake Maria
236,Samantha Gomez,garciaamanda@hotmail.com,2023-11-15,Duncanton
237,Brooke Thomas,jamie71@hotmail.com,2024-07-21,Haynesfort
238,Lynn Luna,peteryates@wang.biz,2025-01-15,Estradahaven
239,Mark Wagner,jacksonpeter@anderson-walker.biz,2025-05-11,Simmonsside
240,John Davis,reneebarrett@yahoo.com,2023-10-31,Mosesmouth
241,Ashley Greer,antonio48@gmail.com,2023-09-20,Ochoachester
242,John Griffith,brian45@bautista.com,2024-12-03,Thompsonmouth
243,Julia Mcmahon,beckmegan@johnson.com,2023-11-16,Lake Tony
244,Mr. Justin Pollard,derrickmckinney@goodwin.com,2024-10-22,West Ashley
245,Terri Barrett,burkemonica@hotmail.com,2024-12-19,Guerrabury
246,Randy Scott,psilva@yahoo.com,2024-02-03,West Michael
247,Madison Davis,kevinwallace@yahoo.com,2024-08-25,Griffinberg
248,Stephanie Munoz,trussell@leonard-montgomery.com,2024-01-28,West Josephmouth
249,Dennis Brewer,heidilittle@taylor.info,2024-12-17,East Joshuaburgh
250,Paul Sutton,dukerebecca@mckinney.com,2024-04-26,Pamview
251,Rebecca Molina,garciadawn@gmail.com,2024-04-26,New Stephanie
252,Lori Shaw,gregory84@ward-smith.org,2024-01-10,East Nathanmouth
253,Laura Johnson,poncepaul@vaughn.com,2025-03-20,East Nathanielview
254,Ronald Davis,joelsmith@hayes.com,2025-02-16,Hodgeberg
255,Russell Brewer,davidvalentine@henderson.com,2024-07-06,Millerhaven
256,Desiree Jordan,angelahull@hall.com,2023-08-11,New Rhondatown
257,Tyler Miller,shawn20@gmail.com,2024-02-06,Port Lisa
258,Patricia Meadows,evansmelinda@gmail.com,2025-05-16,Teresaburgh
259,Brooke Tanner,fullerlisa@snyder-garcia.com,2025-03-09,Port Timothystad
260,Brian Sanford,seth26@yahoo.com,2023-12-26,Daviesstad
261,Jessica Weaver,stewartnicholas@hotmail.com,2023-11-15,Port Robertashire
262,Lindsey Weber,robinsonamber@yahoo.com,2024-05-17,Coreyfurt
263,Jessica Cowan,wilsonmario@hotmail.com,2024-04-20,Harrisborough
264,Kristina Ingram,riddlerichard@davis.biz,2024-02-29,Jasonshire
265,Caroline Gutierrez,kimchristopher@gmail.com,2024-07-24,East Robertstad
266,David Novak,lonnie13@hotmail.com,2023-08-16,Lake Cherylshire
267,Bethany Lewis MD,perryashley@thompson.com,2023-09-11,Harringtonton
268,Andrew Maldonado,gonzalezsamantha@rivera-bartlett.com,2024-01-21,North Kelseyland
269,Craig Trevino,othomas@hotmail.com,2024-02-21,Lake Angela
270,Matthew Hood,frose@yahoo.com,2023-12-21,Benjaminport
271,Elizabeth Randolph,laura95@yahoo.com,2025-05-28,Mitchellmouth
272,Ryan Griffith,chenronald@osborne.info,2024-09-11,Patriciashire
273,Teresa Wang,johnsonjaime@martin.com,2024-12-13,Lake Tammy
274,Matthew Perry,kevin09@gmail.com,2024-11-16,Johnmouth
275,Jenna Barnett,robert45@ortiz.com,2023-08-14,Marshallchester
276,Jocelyn Brown MD,halehaley@gmail.com,2024-10-13,South Jaytown
277,Jessica Tate,ericdunn@gonzalez.org,2024-09-20,Millerport
278,Larry Simmons,virginiamarsh@gmail.com,2023-08-24,Fergusonshire
279,Christopher Davis,romerostephen@yahoo.com,2024-05-13,Vanessaton
280,Omar Garcia,mcintyreamber@gmail.com,2025-02-18,Port Gary
281,Leonard Nielsen,erinortiz@yahoo.com,2024-03-06,Garciahaven
282,Chad Lopez,robertscott@shaw.net,2024-08-24,Johnsontown
283,Victoria Cowan,rnelson@gmail.com,2024-12-16,Roberthaven
284,Michele Boone,mmartin@branch.com,2024-05-19,West Rachel
285,Kimberly Hall,conniewu@wood.com,2023-08-22,New David
286,Dana Ellis,scott44@hotmail.com,2023-07-23,Lake Kyle
287,Kelly Wilkinson,jessica53@knapp.com,2024-06-16,Brucetown
288,Robert Lewis,justinmorgan@spencer.com,2024-08-05,Elizabethshire
289,James Johnson,rebecca81@morrison.biz,2024-09-26,Wrightchester
290,Alexander Smith,sherry59@paul.com,2023-12-25,Combsport
291,Kendra Graves,lynncompton@gmail.com,2024-08-08,Gilesfort
292,Kenneth Townsend,michealstevens@davis.com,2023-08-24,Michaelborough
293,Deborah Wilkinson,castillojoshua@hotmail.com,2025-02-26,Port Nicolefort
294,Rachel Cruz,eestes@hotmail.com,2024-01-23,Andersonchester
295,Travis Salazar,bellralph@yahoo.com,2024-08-12,South Diane
296,Donna Rogers,arichard@yahoo.com,2024-12-15,Davishaven
297,Kim Mccall,obarnes@hotmail.com,2024-05-26,New Michael
298,Heather Pacheco,taylorscott@short.net,2023-06-15,Colemanburgh
299,Taylor Keith,ttucker@gmail.com,2025-02-20,Port Crystal
300,Jenna Parker,maria38@yahoo.com,2023-11-25,Brettport
301,Kelly Valenzuela,kristy44@dennis.org,2025-04-29,West Williammouth
302,Cassie Christian,wayneortiz@smith-white.com,2023-07-14,South Kennethland
303,Nicole Kelly,conleyfrances@murphy.com,2025-02-05,New Charlesville
304,Bethany Miller,tiffanyrogers@gmail.com,2024-08-19,Port William
305,Mrs. Laura Wallace,karen08@gmail.com,2024-08-07,Garybury
306,Steven Brooks,wmorgan@vaughan-harrington.net,2024-09-29,Lake Joseph
307,Valerie Flynn,david61@yahoo.com,2023-06-17,New Kaylafort
308,Thomas Gilbert,swright@yahoo.com,2024-10-24,New Williamstad
309,Annette Aguilar,kristen97@baker.com,2024-05-15,Matthewshire
310,Amy Walker,monica72@gmail.com,2024-02-02,Amyhaven
311,Bernard Allen,qmoore@banks.net,2023-12-29,North Evan
312,Joseph Strickland,mosspamela@gmail.com,2025-01-31,North Marthaview
313,Alejandro Stafford,michellefigueroa@yahoo.com,2024-02-19,Elizabethhaven
314,Ryan Chase,elizabeth00@anderson-washington.com,2025-01-30,South Jessica
315,Ann Graham,richard69@ortiz.info,2023-08-03,Watersport
316,Heather Butler,ohardin@hotmail.com,2024-02-11,Raymondmouth
317,David Davidson,patriciahenderson@yahoo.com,2024-08-18,Juanstad
318,Jack Phillips,brycerich@hotmail.com,2023-08-13,Lake Walter
319,Elaine West,williamssusan@yahoo.com,2023-09-17,Port Jason
320,Timothy Miles,baxtertara@yahoo.com,2023-07-31,Brownfurt
321,Matthew Thompson,kellijones@benitez.com,2024-04-10,Port Kim
322,Angel Miller,michelle83@yahoo.com,2023-06-14,Christinechester
323,Jeffrey Peterson,shawnclark@baxter-anderson.com,2024-09-17,North Dawn
324,Breanna Bowman,gomeztodd@downs.com,2024-04-10,Christinatown
325,David Ray,edward27@gmail.com,2024-05-31,West Thomasbury
326,Angela Lewis,joseph31@hotmail.com,2025-03-22,Port Fernando
327,Andrew Jones,wonglaura@jones.org,2023-08-21,New Patrickmouth
328,Melissa Chung,williampineda@russell-smith.com,2024-12-04,West Dawn
329,Brandon Knight,troy08@yahoo.com,2023-07-12,Alvaradoville
330,Jacqueline Keller,laurawhite@davis-brown.com,2025-03-28,Mirandahaven
331,Lisa Mata,flester@gmail.com,2024-08-03,New Elizabeth
332,Kayla Castillo,vruiz@cole.com,2023-08-16,West Jamesville
333,Andres Gamble,zaguilar@cummings-jackson.org,2024-10-06,Davilafurt
334,Karla Mason,russonatasha@woodard-perez.org,2023-06-29,North Michaeltown
335,Jorge Ward,robert31@ewing.info,2023-12-14,New Mathew
336,Samantha Wagner,tonimcintosh@shaw-glover.com,2023-12-03,Markfort
337,Cheryl Hansen,mhill@gmail.com,2024-09-04,New Ryanmouth
338,Lisa Higgins,lchristensen@wilson.com,2024-12-07,New Chelseachester
339,Kristin Wong,evansmichael@yahoo.com,2023-06-28,Lake Gregoryfurt
340,Leslie Smith DDS,julie61@hotmail.com,2023-10-03,South Johnbury
341,Bailey Brown,smithjonathan@hotmail.com,2024-08-21,Lake Dwayne
342,Connie Lee,elizabethsmith@yahoo.com,2024-02-29,East Roberttown
343,Kathleen Rogers,linda20@gonzalez-jones.com,2025-05-26,Lake Todd
344,Adrian Perry,cherylhull@yahoo.com,2023-12-02,Millerborough
345,Dr. Beverly Rowland,jeffreytownsend@roberts-williams.org,2023-06-18,East Stephanie
346,John Holder PhD,foxbrooke@yahoo.com,2024-02-26,South John
347,John Watson,cheryl27@singleton.org,2024-02-29,Kellyberg
348,Jerome Odom DVM,byrdamber@yahoo.com,2023-06-19,Sarahfort
349,Cassandra Humphrey,floreskatherine@herman-miller.net,2024-10-01,New Jared
350,April Hood,connor84@brown-swanson.net,2024-08-29,Yateshaven
351,Christopher Weaver,allison71@gmail.com,2024-10-17,Beasleymouth
352,David Wells,larryhenson@hunter.org,2025-05-11,Ramseyview
353,Sara Reid,uwiley@yahoo.com,2023-10-06,Johnmouth
354,Jeffrey Allen,brittneyray@gmail.com,2024-03-22,North Heather
355,William Schmidt,millerangela@gmail.com,2025-04-17,Port Janice
356,John Hernandez,beckererika@adams.com,2024-08-26,Brianport
357,Alison Thompson,julie25@ward.org,2024-01-06,Jenniferton
358,Rachel Stevens,becky71@decker.com,2024-12-14,North Kevinview
359,Robert White,olsondaniel@cruz-gibbs.net,2025-02-17,Millerfurt
360,Heather Cline,zharrison@gmail.com,2024-03-29,Jessicastad
361,Leslie Alexander,jacobmiddleton@kelly.info,2024-10-06,North Christopher
362,Robert Young,ibradshaw@patel.org,2024-11-01,Nancyview
363,Robin Perry,goodwindawn@yahoo.com,2024-05-17,Petersside
364,Tamara Peterson,melanie29@hotmail.com,2024-09-08,West Christopher
365,Jonathan Brooks,christopherandrews@yahoo.com,2023-11-02,West Edward
366,Lori Walsh,andersonjose@moses-moore.net,2023-06-20,Lewiston
367,James Ingram,jphillips@yahoo.com,2025-03-06,Port Larry
368,Donna Harmon,phamterrance@gmail.com,2023-12-28,Port Cynthia
369,Kevin Martin,lauren53@wilkinson.com,2023-11-01,Wendychester
370,Christina Jones,tsmith@walker-miller.com,2024-02-11,Lake Catherineside
371,Jenna Pacheco,georgewilson@yahoo.com,2024-11-11,Cathytown
372,Timothy Elliott,zbutler@kim-livingston.com,2025-04-09,West Ralphhaven
373,Laura Willis,sharonbailey@dunn.com,2023-08-02,South Tylerland
374,Dennis Payne MD,stevensmith@campbell.com,2024-08-08,New Selenamouth
375,David Rodriguez,housejennifer@gmail.com,2024-01-14,Hullfurt
376,Cynthia Nguyen,xscott@gmail.com,2024-12-14,Summerfurt
377,Holly Hines,jasmineperry@spears-ruiz.com,2024-01-08,New Danielle
378,Theresa Thornton,troydean@wright-wilkins.info,2023-09-12,Shaneshire
379,Stephanie Patrick,romerosarah@yahoo.com,2023-09-18,Crossland
380,Mary Garcia,fletchersheila@hotmail.com,2023-12-22,Grossborough
381,Raymond Clark,patrickpowell@gmail.com,2024-06-10,Charlotteburgh
382,Robert Olson,christopher87@yahoo.com,2024-03-17,Rodriguezhaven
383,Lori Harris,jenningsdenise@ortega-johnston.biz,2024-01-16,Port Lawrence
384,Robert Ellis,floresanthony@gmail.com,2023-12-19,Sandraborough
385,Carol Villarreal,qho@jones.com,2024-06-07,West Emilyhaven
386,Alexandra Barnett,parsonsdarlene@yahoo.com,2025-04-29,Daviesmouth
387,Richard Mcdonald,reedmiguel@hotmail.com,2025-01-09,Port Lisamouth
388,Joshua Cortez,xmeadows@norris.com,2024-01-11,New Steve
389,Jimmy Robinson,alyssaharris@yahoo.com,2024-07-13,West Wandachester
390,Shawn Vaughan,judy98@rich.info,2023-07-24,Brendafort
391,Jasmine Jackson,kayla14@harris-thomas.info,2024-11-10,Saraland
392,Russell Johnson,gonzalezbruce@stanley.net,2023-09-23,Millerville
393,Gregory Mcdowell,ronald89@lewis.com,2024-10-13,South Jessica
394,Joshua Galvan,michaelsantiago@barton.info,2024-12-19,Tiffanybury
395,Pamela Knapp,vshepard@arroyo.biz,2024-02-12,Robertberg
396,John Wheeler,uburton@hotmail.com,2024-10-07,Port Kimstad
397,Paul Stone,ifox@miller.net,2025-02-23,Clarkport
398,Mitchell Flowers,carlos56@moore.info,2025-02-05,South Dawnchester
399,Kristen Koch,dominicchapman@gmail.com,2024-07-12,North Jacqueline
400,Linda Dalton,amanda29@gmail.com,2023-07-29,Debrahaven
401,Alexandra Koch,greenscott@freeman.net,2023-11-07,New Ericmouth
402,Terry Mcclain,kcoleman@hotmail.com,2025-01-21,East Kenneth
403,Brett Wallace,william80@gmail.com,2025-05-04,Thompsonview
404,Carly Perry,kennethparker@gmail.com,2025-04-14,Davistown
405,Toni Kelly,jimmyblair@gmail.com,2023-06-17,West Bruce
406,Craig Weaver,leepeter@hotmail.com,2023-07-04,Khanbury
407,Daniel Huang,basskaren@gmail.com,2025-02-25,East Justin
408,Melissa Hicks,hhall@copeland.net,2023-07-26,Clayton
409,Ashley Salinas,lindabrewer@arias.com,2024-01-13,Kimberlybury
410,Victoria Peck,hollymorris@yahoo.com,2023-11-17,West Aliceview
411,Jacqueline Brown,jasminewallace@harper.org,2024-12-14,West Rebekahberg
412,Angela Martinez,melanie18@sandoval.com,2024-06-20,Port Michael
413,Victor Day,jonesdarren@gmail.com,2023-10-15,Garyside
414,Andrea Cruz,marcanderson@yahoo.com,2025-04-30,South Lisa
415,Elizabeth Murphy,ymiller@hotmail.com,2025-01-20,Port Mary
416,Paul Schwartz,williamsjo@farrell.biz,2023-09-18,Castrohaven
417,Richard Hernandez,michaelcuevas@gmail.com,2023-08-21,South Reginald
418,Cheryl Lewis,greeneandrea@gmail.com,2023-09-02,Banksland
419,Angela Jordan,melissa39@jones-moreno.com,2025-02-23,Collinsville
420,Toni Mendez,ortizmariah@yahoo.com,2023-08-05,East Scott
421,Kaitlyn Henson,randallwhite@chavez-martin.info,2023-07-15,Ryanport
422,Sabrina Smith,kathyjohnston@sherman.com,2023-07-08,North Andrea
423,Robert Cross,eric61@yahoo.com,2024-01-16,Weaverton
424,Julie Tran,hlynch@fuentes.org,2024-10-15,Port Donnashire
425,Brittany Porter,donald08@gmail.com,2023-07-25,Lake Davidshire
426,Bobby Schmidt,lori01@hotmail.com,2025-01-27,Dianaside
427,Scott Wagner,samuelblack@hotmail.com,2023-06-23,Johnchester
428,Amy Holmes,zbrooks@yahoo.com,2024-10-12,Danielville
429,Jonathan Rose,scottangelica@gmail.com,2023-08-04,Schroederborough
430,Lisa Winters,davidcherry@hotmail.com,2023-10-30,Davisfurt
431,Cindy Cole,melissacooper@gmail.com,2024-02-26,West Robertburgh
432,Kimberly Dunn,brenda81@gmail.com,2023-08-14,Erictown
433,James Williams,jmoore@yahoo.com,2024-12-26,North Roger
434,Dwayne Marks,elizabethsnyder@cooper.com,2024-01-29,Port Cody
435,Roy Lucas,jaredsims@yahoo.com,2023-09-16,West Robertville
436,Heidi Gardner,hnguyen@farmer-leach.com,2024-02-09,Bryantport
437,Jennifer Snyder,blevinsjulia@gmail.com,2023-06-25,East Kim
438,Erica Mcpherson,diazdennis@yahoo.com,2024-03-24,Rachelville
439,Brittany Mcmillan MD,bassjoseph@cruz-chang.biz,2024-10-26,Melissaburgh
440,Nicole Fisher,reidcheryl@yahoo.com,2023-12-23,North Andrea
441,Christopher Park,reedgeorge@hotmail.com,2024-05-19,Gonzalesshire
442,Cassidy Day,john33@lawson.biz,2025-05-31,East Lesliestad
443,Carla Kaiser,christina59@johnson.biz,2024-12-18,Snyderton
444,Jessica Forbes,andersonbrent@merritt-williamson.org,2024-03-31,Boydmouth
445,Caroline Sanchez,juliangonzalez@gmail.com,2024-03-09,Hillton
446,Benjamin Johnson,mike00@yahoo.com,2024-12-29,South Christy
447,Jonathan Daniels,hernandezcynthia@smith.com,2023-12-15,Oliviastad
448,Joseph Downs,roy32@bright-sanchez.com,2025-01-28,Fraziermouth
449,Kevin Kelly,jennifer34@gmail.com,2024-12-28,Lake Lisa
450,Douglas Chen,vadams@ritter.com,2023-12-20,Phillipland
451,Alyssa Bradley,stewartbrandon@scott-diaz.org,2024-12-27,Leeland
452,Mr. Stephen Schwartz,jimmywright@smith.com,2024-06-26,Lindseychester
453,Kelsey Wallace,perezwhitney@allen.com,2024-07-02,Port Tiffanyburgh
454,Joseph Davis,meyermiranda@owens-kim.com,2024-09-28,Petersville
455,Robin Holloway,frazierkyle@yahoo.com,2024-08-08,New Conniefurt
456,Tonya Patrick,njackson@yahoo.com,2024-05-23,South Jill
457,Steven Black,rasmussenedward@smith.com,2024-01-16,Schultzfort
458,Jonathan Lin,james82@powers.org,2025-05-14,Hartview
459,Victoria Park,jonathan97@foster.com,2024-01-06,Marissaborough
460,Connie Carter,emily93@beard.com,2024-11-30,South Kellyberg
461,Sherri Ramirez,ijones@davis.com,2024-09-07,New Gary
462,Vicki Lara,wlewis@carlson-brooks.info,2023-08-20,North Josephville
463,Scott Jackson,sean60@yahoo.com,2023-12-19,Kathleenport
464,Peter Walker,jesse92@yahoo.com,2024-12-17,Port Cynthiamouth
465,Donna Reynolds,browngregory@gmail.com,2024-01-23,Christopherview
466,Michael Page Jr.,jquinn@lopez-peterson.com,2025-02-20,Karentown
467,Vincent Howard,rweaver@turner-lee.info,2024-09-06,Shepherdtown
468,Kathryn Floyd,stephaniegarrett@hotmail.com,2025-03-30,Matthewside
469,Frank May Jr.,simpsonjason@gmail.com,2023-07-16,North Matthew
470,Jeffrey Mack,cgay@gmail.com,2023-07-11,Tammyport
471,Kara Summers,richard00@fisher.net,2023-08-25,Lake Andrew
472,Darren Porter,teresa06@rogers.info,2024-05-01,Fernandoview
473,Jon Stevenson PhD,todd83@brown.com,2023-06-28,Henryport
474,Michelle Ray,reynoldspaul@haney.org,2024-11-24,Jonesland
475,Jacob Bates,aaronrobbins@yahoo.com,2024-09-22,Robertberg
476,Brittany Estrada,jennifer58@clark.com,2024-11-30,South John
477,Clifford Oneal,joshua76@yahoo.com,2025-03-08,Heatherview
478,Teresa Aguirre,benjamintina@fitzpatrick.biz,2024-06-20,West Douglas
479,Kristin Mcdaniel,jonbaker@carrillo-jenkins.com,2024-03-15,Whiteheadfurt
480,Veronica Becker,xwaller@cox.com,2024-07-07,Lake Brandon
481,Kenneth Williams,cfoley@hotmail.com,2024-08-22,Aaronland
482,Laura Aguilar,andrew21@fisher.com,2025-05-03,Victorfort
483,Brian Johnson,ujones@olson.net,2025-04-20,Bakershire
484,Charles Boyer,wilsonjo@yahoo.com,2024-01-26,Woodchester
485,Austin Perez,npark@yahoo.com,2023-06-26,Lake Michelle
486,Jonathan Johnson,larryhill@hotmail.com,2023-11-26,Robertsmouth
487,Suzanne Kirk,kristy79@gutierrez.org,2024-11-27,Port Deborahview
488,Audrey Love,maria92@hotmail.com,2024-07-11,New Frankchester
489,Timothy Harper,freemantimothy@jackson.com,2025-04-13,Brentborough
490,Cynthia Coffey,morganrichmond@todd.com,2023-08-05,Jeffreyburgh
491,Tammie Sexton,braundevon@yahoo.com,2025-01-17,Christopherborough
492,Kayla Walsh,ohowell@yahoo.com,2023-11-05,Phillipsfort
493,Benjamin Green,danielleonard@hotmail.com,2024-03-05,Lake Lindsayview
494,Linda Black,gabriel18@gmail.com,2024-01-27,North Mary
495,Stephen Jones,bmiller@oliver.info,2023-09-04,South Jennifer
496,Michael Williams,martingallegos@villegas.com,2023-08-15,South Andrew
497,Gabriel Gibson,vchristian@hotmail.com,2023-12-23,Dukeside
498,Martin Romero,eric39@rios.biz,2024-03-23,Burkemouth
499,Frances Lopez,carolineortiz@gmail.com,2023-07-02,Kennethmouth
500,Judy Lam,zhill@gmail.com,2024-12-14,Nicolechester
501,Michael Holt,audreycarter@gonzalez-hanson.com,2023-11-27,Dennisland
502,Shannon Nicholson,schroederryan@clark.org,2024-03-11,Lake Mark
503,Tonya Hopkins,qfrazier@banks.info,2024-03-29,East Travisburgh
504,Holly Miller,nancymcbride@berry.org,2023-07-25,East Stephen
505,Melissa Murillo,jocelyngolden@gmail.com,2023-09-29,East Erica
506,Melody Burns,sarah33@hotmail.com,2025-01-06,Wheelertown
507,Gene Gillespie,moorebeth@baker-richard.com,2024-07-28,Michaelberg
508,Gabriel Ruiz,watsonnicole@hotmail.com,2024-11-08,Port Jeremiahmouth
509,John Miranda,jtaylor@yahoo.com,2023-11-21,East Brian
510,Adam Stanley,lynnwilliam@morgan-lynch.com,2025-02-14,Walkertown
511,Mary Jenkins,jasmine29@harrington.com,2023-06-13,West Alexanderland
512,Marie Baker,heather73@jacobs-diaz.com,2025-04-13,West Eric
513,Diana Garrett,williamtravis@yahoo.com,2023-06-27,East Christine
514,Donald Morales,philipdawson@hotmail.com,2024-03-28,Laurieborough
515,Andrew Chapman,alexanderphillips@hotmail.com,2023-09-11,Wilkinsonland
516,Michael Olson,bbarajas@santana.com,2024-05-02,Hardinton
517,Krista Smith,alejandroguzman@hotmail.com,2024-06-22,West Deborah
518,Marisa Martinez,houstonluis@gmail.com,2023-07-06,Robinhaven
519,Sandra Scott,michael25@rosales.com,2024-06-28,North Olivia
520,Theresa Rodriguez,kimberlyarnold@duncan.com,2023-06-17,South Michaelmouth
521,Nathan Cook,boydpaul@morrison-smith.org,2023-11-22,West Eric
522,Stephen Rivera,david37@yahoo.com,2024-04-25,North Williammouth
523,Laura Turner,zhoffman@gmail.com,2025-04-30,New Sharon
524,Michael Brown,xbrooks@hotmail.com,2023-10-19,Perezchester
525,Lisa Curtis,xgonzalez@ellison-edwards.com,2024-11-30,Mcclureview
526,Joseph Williams,opeterson@barry-hanna.com,2024-08-17,North Frederickside
527,William Lee,robert90@gmail.com,2023-09-28,Lake Rodneystad
528,Richard Wolf,icarey@castillo-flowers.com,2023-11-23,Mullenstad
529,Thomas Hamilton,dsullivan@yahoo.com,2024-04-04,Allentown
530,Cynthia Hutchinson,tanya23@yahoo.com,2024-01-23,Smithmouth
531,David Lopez,robertbrewer@mccoy.com,2023-07-27,New Andrew
532,Luis Singh,jessicamendoza@gmail.com,2024-05-30,Smithport
533,Rebecca Hamilton,ctorres@gmail.com,2024-10-13,Hartmanchester
534,Andrea Wade MD,parkerjeffrey@gmail.com,2024-11-29,Andradefurt
535,Randy Jarvis,annettemcmillan@yahoo.com,2024-12-22,Kimberlymouth
536,Phillip Rivera,drew79@gmail.com,2023-11-14,North Jenniferbury
537,Zachary Smith,moorejesus@delacruz.net,2025-04-07,Lake Howardborough
538,Daniel Booth,kelly22@rice.biz,2024-08-24,Brandonstad
539,Kathryn Fuller,stevenmatthews@henry.com,2024-09-27,South Austinfort
540,Jennifer Briggs,angel66@yahoo.com,2024-06-09,New Lisa
541,James Norris,donnamays@mack.com,2024-04-20,Dennisland
542,Tyler Walker,ywoods@gmail.com,2023-09-07,West Brianna
543,Stephen Carter,dawn78@holmes.com,2023-12-09,North Sheryl
544,Cynthia Stanton,forddaniel@george-daniels.com,2025-02-05,Port Lorishire
545,Mr. Peter Dunn DVM,ggonzalez@yahoo.com,2024-09-16,North Scott
546,David Wong,jimmyjordan@campbell.com,2023-06-24,Brookehaven
547,Eric Dixon,ischwartz@gmail.com,2024-12-05,New Rachel
548,Jacqueline Daniels,allentim@robbins.org,2025-05-14,North Claire
549,Shannon Johnson,bbaker@gentry.org,2023-06-12,Gonzalezstad
550,Michael Young,andrew15@yahoo.com,2024-10-26,Port Theresa
551,Breanna Weaver,griffinjoseph@hotmail.com,2024-06-28,Brianafort
552,Alicia Foster,lisazamora@wilcox.com,2025-01-29,Port Julie
553,Michelle Mcmahon,johnsonjustin@hotmail.com,2024-08-20,Joannaland
554,Kevin Melton,philip81@gmail.com,2024-01-04,Jacquelineview
555,Matthew Rose,haleylawrence@yahoo.com,2025-04-03,West Shannon
556,Emily Thompson DDS,nicholasmorgan@hotmail.com,2023-06-30,West Robin
557,Amanda Hernandez,hernandezrichard@gmail.com,2024-07-22,Seanshire
558,Eric Moore,brandon36@hotmail.com,2024-10-18,Juliaside
559,Kelly Anderson,iwhite@duncan-frank.com,2023-07-27,Tammyville
560,Laura Griffin,aimeekane@jackson.biz,2025-02-20,Julieborough
561,Greg Diaz,kevin57@gmail.com,2023-08-15,New Emilyhaven
562,Ashley Wiggins,dpierce@morris.org,2024-03-19,New Lindaland
563,James Barker,cbell@yahoo.com,2023-08-16,Lisaside
564,Vanessa Powell,aclark@rios.com,2024-06-13,East Juanbury
565,Taylor Simpson,alexis99@thompson-heath.biz,2025-03-29,Lake Catherine
566,Sean Edwards,collinsmichele@cherry.com,2025-03-24,Lake Bill
567,Amanda Rodriguez,christina72@yahoo.com,2024-03-21,North Barbara
568,Brandon Burns,davisjason@hopkins.net,2023-12-21,Stanleytown
569,Michael Copeland,jenniferwoodard@yahoo.com,2023-07-22,Garyland
570,Margaret Farmer,iwood@hotmail.com,2024-01-18,Andreport
571,Deborah Dean,zeaton@hoffman.com,2023-08-10,Jacksonbury
572,Elizabeth Anderson,lozanomichael@campbell.com,2024-10-09,Laurenstad
573,Michael Aguilar,victor20@pitts.com,2024-05-03,Port Scottfurt
574,Douglas Velez,francisco38@griffith.com,2023-09-22,Lake Bridget
575,Amanda Tanner,brian54@scott.com,2024-02-01,Port Katieshire
576,Caroline Ochoa,aaron85@ayers.biz,2023-08-07,New Savannahstad
577,David Rivera,nfuentes@hotmail.com,2024-01-07,Paulfurt
578,Krista Daniel,joseph25@nixon-roberts.com,2024-09-17,New Patrickberg
579,Derek Mcdonald,michael12@hotmail.com,2023-09-10,Scottburgh
580,Julie Fisher,andrewchase@sanchez-mccarthy.net,2024-12-24,Jeremiahton
581,Melissa Terrell,yolanda34@gmail.com,2024-04-24,Crystalberg
582,Kenneth Garcia DDS,tamifarrell@yahoo.com,2023-09-15,West Julieland
583,Lori Kim,amanda24@sheppard-flores.net,2024-11-14,West Christyborough
584,Phillip Washington,etaylor@guzman.com,2024-11-07,North Ronald
585,Monica Hernandez,yduncan@rhodes.biz,2025-04-08,Armstrongfurt
586,Nicole Cordova,qbrown@carter.info,2025-03-28,Amandaton
587,Monica Scott,karlbrown@hotmail.com,2023-12-27,Lake Elizabethview
588,Gabriella Stanton,adambishop@ashley-wells.net,2025-01-13,Palmerville
589,Angela Gray,herrerawilliam@jones.net,2024-07-24,Joneshaven
590,Heather Walsh,ricky54@baker-calhoun.com,2023-06-29,Wrightbury
591,Jessica Weber,zacharyedwards@gmail.com,2024-08-11,Lake Jessica
592,Laura Summers,michaelkelly@jones.com,2024-08-29,Chrisbury
593,Michelle Webb,scottward@holland.com,2024-10-08,Nancyborough
594,Molly Schmidt,aprilsteele@richardson-young.com,2024-08-27,Lake Amber
595,Denise Baker,chad01@hotmail.com,2024-11-28,Lake Susan
596,Daryl Lewis,wardeileen@yahoo.com,2024-12-05,South Tonyaside
597,Jennifer Marshall,craigperry@carr.com,2025-03-25,Kruegerfurt
598,Noah Baker,parkerjody@gmail.com,2025-04-15,North Deanport
599,Jill Hernandez,seanwilliams@williams.com,2024-08-20,North Natalie
600,Sherri Nguyen,smithdouglas@yahoo.com,2024-11-22,Port Bethanyside
601,John Davenport,annette44@hotmail.com,2023-09-27,Parrishtown
602,Andrea Browning,qbrown@sanchez-white.net,2025-04-26,Hendersonland
603,Gregory Martinez,millervalerie@gmail.com,2023-12-05,Port Edward
604,Shawn Thompson,johnrobinson@gmail.com,2023-09-16,Port Lori
605,Sean Mueller,amorris@yahoo.com,2023-07-07,Clarkhaven
606,Bonnie Rice,shannon36@bradford.com,2024-09-15,Bradyberg
607,Nathaniel Riggs,yfrederick@gmail.com,2024-05-17,Thomasbury
608,Victoria Mccullough,smithjason@yahoo.com,2024-03-21,Port Candace
609,Carol Brown,anthony26@gmail.com,2024-08-26,Jeffreybury
610,Julia Nelson,pamelaramirez@olson-marsh.com,2023-12-20,Davismouth
611,Lisa Weber,nyang@yahoo.com,2024-01-15,Smithside
612,Terry Thompson PhD,robertcarroll@yahoo.com,2024-03-21,Stevenview
613,Nicholas Fuller,taylorkristina@hotmail.com,2024-06-29,Tinabury
614,Ethan Smith,parksdavid@richardson.org,2024-05-16,Lake Christopher
615,Jacob Choi,lisa27@boone.com,2025-05-15,Jennifermouth
616,Jose Saunders,jeffery28@hotmail.com,2023-11-14,West Betty
617,Jason Tran,hmiller@hotmail.com,2024-05-16,Kennethview
618,Robert Curtis,richard82@gmail.com,2025-01-27,Williamsborough
619,Elizabeth Berry,christopher63@hotmail.com,2025-01-13,Port Cassandramouth
620,Carrie Jenkins,edwardsjames@gmail.com,2023-06-05,South Joshuaberg
621,Robert Mendez,jamescurtis@hayes.com,2025-04-05,New Jamie
622,Antonio Thomas,fzavala@hotmail.com,2024-02-08,Karenhaven
623,Amy Myers,batesedward@johnson.com,2023-12-10,Port Candice
624,Russell Norton,bwhite@gentry.org,2024-05-11,Wilsonmouth
625,Jennifer Sanders,tgreen@yahoo.com,2025-05-16,Lake Jennifer
626,Eric Vega,morganbrown@wright.com,2024-08-15,Joelstad
627,Elizabeth Moore,jeffrey61@tanner.info,2023-10-08,Mcbridestad
628,Brittany Sherman,payneteresa@gmail.com,2024-04-19,East Mary
629,Kristen Lewis,heather55@villegas-davidson.net,2025-02-18,Burchberg
630,Wendy Nguyen MD,durhamkelly@sampson-miller.com,2024-06-08,Lake Jessicaview
631,Alexander Kelly,pamelaperez@daniels.com,2023-12-20,Jenniferburgh
632,Kenneth Walton,jamiecooke@hotmail.com,2023-08-21,Taylorborough
633,Michael Turner,cparker@gonzalez.com,2024-07-13,Sawyerchester
634,Mr. Jose Green,johnsaunders@murray.com,2024-10-28,South Terri
635,Mark Cox DVM,andersontheresa@thompson.biz,2024-10-01,West Richard
636,Mrs. Lori Rodriguez,edwardvillanueva@yahoo.com,2024-01-10,North Kaylaborough
637,Mrs. Amy Lewis,huynhhannah@gmail.com,2025-03-22,North Patrick
638,Tony Carroll,lucasalexis@cruz-fisher.com,2025-01-01,Barnesland
639,Kelly Barrett,xparker@gmail.com,2024-06-28,Lake Charlesmouth
640,Kevin Davis,frank61@yahoo.com,2024-03-06,Nathanhaven
641,Katie Chaney,jamesevans@lee.com,2024-10-06,Cantuhaven
642,Nicole Larson,jonesamanda@yahoo.com,2024-06-01,Edwardport
643,Brian Adams,dawn06@carter.com,2024-11-24,Reneeshire
644,David Young,stacey68@hotmail.com,2023-08-16,North Markville
645,Joseph Hardy,mbutler@yahoo.com,2023-10-12,Sanchezmouth
646,Gary Willis,jacob92@gmail.com,2023-07-26,Adamsside
647,Katherine Hill,jamielamb@hotmail.com,2024-07-18,Jennifershire
648,Kathleen Rhodes,cynthia78@gallagher.com,2024-07-29,Camachoside
649,Deanna Hurst,shebert@nguyen-mcguire.com,2023-08-16,Johnstonborough
650,Jacob Sanders,hannahsmith@craig-lewis.com,2023-08-24,Jesseborough
651,Crystal Moore,danielsolis@yahoo.com,2024-10-08,Lake Casey
652,Lisa Sanders,samantha56@miranda.com,2025-01-12,New Ryanbury
653,Corey Kirk,smithanthony@gmail.com,2025-02-20,Foleyshire
654,Sandra Estrada,vincentbrown@gmail.com,2025-03-05,South Curtisland
655,Catherine Molina,eric57@lee.info,2025-03-09,Theresaberg
656,Mary Faulkner,timothy11@gmail.com,2025-02-03,New Joseph
657,Jessica Colon,hjones@hotmail.com,2023-12-31,Reynoldsshire
658,John Wilson,beth33@morgan.com,2024-12-24,North Derekbury
659,Katherine Allen,gregory00@nicholson.com,2025-04-01,New Jenniferfort
660,Deborah Wilson,armstrongshelly@carr-dixon.com,2023-07-02,West Lisabury
661,Latasha Harper,psmith@miller.com,2024-12-20,Jessicaville
662,Susan Thomas,andrew42@gmail.com,2024-10-15,Williamsbury
663,Jeffrey Perry,garciajoseph@hall.com,2024-11-28,East Jacobfurt
664,Angela Snyder,lisa69@yahoo.com,2024-12-30,Ginaburgh
665,Margaret Turner,egreer@rodriguez-rich.org,2023-09-23,Blackwellshire
666,Roger Castillo,ronnie23@davidson.com,2024-12-18,North Michaelville
667,Mark Ruiz,ritterdaniel@sandoval.com,2024-10-29,Patelborough
668,Trevor Beck,meagangarcia@brown.com,2025-05-31,West Douglas
669,Kevin Cruz,shelbywalters@washington-ford.com,2025-04-17,Port Jack
670,Susan Fisher,obrienkaren@hotmail.com,2024-04-15,New John
671,John Evans,isullivan@peters.com,2023-08-19,New Raymond
672,Joshua Burgess,russellsandra@gmail.com,2023-07-27,Cookefort
673,Diane Jacobs,ocook@warner.net,2024-11-11,North Jennifer
674,Elizabeth Smith,gregorysara@campbell.com,2023-09-09,North Cynthia
675,Pamela Davis,ymoore@hotmail.com,2023-12-03,West Tylerfurt
676,Megan Howard,mnguyen@torres-williams.com,2024-09-15,Ericmouth
677,Jennifer Phillips,meghanhurst@gardner-mercado.net,2024-08-10,Wellsstad
678,Derek Silva,jeffreyjimenez@gonzalez-ayala.com,2024-09-03,New Miranda
679,Gregory Rodriguez,tonyathomas@yahoo.com,2023-12-09,Phillipsstad
680,Jessica Stone DVM,qjordan@hotmail.com,2025-05-29,Robertomouth
681,Karen Martin,frank87@rogers.biz,2023-11-24,Sanchezchester
682,Victoria Perez,mlee@blankenship.com,2024-09-18,Geraldtown
683,John Hill,craigaaron@yahoo.com,2025-04-08,Dixonberg
684,Ryan Forbes,joseph04@gmail.com,2025-01-13,Lake Laurahaven
685,Ebony Baker,thompsonadam@gmail.com,2024-05-26,Ramosville
686,Samantha Wood,baileysantos@gmail.com,2023-10-30,Stanleyshire
687,Amy Lewis,jessepennington@gutierrez-spencer.com,2023-12-12,Lake Ann
688,Russell Walter,bellheather@gmail.com,2023-09-09,Robinshire
689,Luke Patterson,rachel94@friedman-lane.com,2023-08-08,Wilsonfort
690,Cory Dean,robertreilly@gmail.com,2023-10-28,New Daniel
691,Joseph Brooks,eric29@mckenzie-cordova.com,2023-06-11,New Antonio
692,Jeffrey Rodgers,marksimmons@hotmail.com,2024-08-07,South Timothyfurt
693,Kelly Kelley,vshort@yahoo.com,2024-12-15,North Dana
694,Joseph Reid MD,owenskristen@yahoo.com,2024-04-07,Brittanyton
695,Brandon Thompson,elizabeth39@hotmail.com,2024-09-26,East Bradley
696,Sharon Gonzalez,gina17@strickland.com,2023-10-03,New Kellyfort
697,Jose Mack,acox@bishop-hines.org,2024-09-27,Alexandriaborough
698,Dennis Greene,zsanders@hotmail.com,2025-02-23,Lake Briana
699,Paula Page,jorge66@yahoo.com,2024-06-12,East Danielville
700,Paul Brown,ryantaylor@buchanan.com,2023-09-20,Baileyview
701,Jennifer Collins,gomezmartin@ball.org,2024-10-30,North Matthewtown
702,Karina Osborne,qhaynes@gmail.com,2023-10-09,Powellborough
703,Krista Cole,james02@hotmail.com,2025-02-26,East Amanda
704,Christopher Gillespie,acevedoeric@rose.com,2024-02-15,Johnsonfort
705,Mr. David Taylor,birdclinton@hotmail.com,2025-04-17,Tommyton
706,John Griffin,ypayne@schwartz.net,2025-04-28,Port Amanda
707,Abigail Burton,ecollier@gmail.com,2025-05-11,West Cassandra
708,Alison Davila,afisher@johnson.com,2024-01-09,Richardsonville
709,Gary Diaz,jillmarquez@williams.net,2024-10-27,South Timothy
710,Logan Taylor,bhanson@gmail.com,2024-09-02,Deannaburgh
711,James Galloway,fieldsdenise@hotmail.com,2024-05-23,Stevenview
712,Hannah Ramos,leslieleon@hopkins-jenkins.com,2025-03-29,East Lisa
713,Tonya Norton,xrose@hotmail.com,2023-11-09,Chadland
714,Patricia Barajas,darnold@hotmail.com,2023-09-19,Michaelstad
715,Amy Taylor,johnnyarmstrong@hotmail.com,2023-09-01,West Linda
716,David Roberts,kevindixon@gmail.com,2024-04-07,Lake Jasonport
717,George Jones,david86@yahoo.com,2023-07-09,Lake Gloria
718,Justin Jones,mitchellchristina@gmail.com,2024-01-06,New Shawn
719,Jessica Anderson,jbauer@greene.biz,2023-11-08,New Davidborough
720,John Mccann,stephaniemartin@pugh.com,2024-09-24,Allisonhaven
721,Anne Williams,amber60@gmail.com,2025-05-29,Lake Breannaborough
722,Christopher Arnold,danaarmstrong@brown-lamb.com,2024-07-02,Phillipsmouth
723,Scott Hines,jmorrison@gmail.com,2023-08-20,Anthonyside
724,Tara Woods,hswanson@hotmail.com,2023-11-02,Justinstad
725,David Houston,morriskevin@hotmail.com,2024-07-28,Mccoyhaven
726,Christopher Mckinney,fedwards@scott-jackson.com,2024-03-18,West Nicholasshire
727,Brittany Torres,william31@hotmail.com,2025-05-23,South Michelle
728,Diana Morales,bpowell@norris.com,2024-06-12,North Christiechester
729,Wendy Barrera,lynn60@johnson.info,2024-09-23,West Deborahmouth
730,Amanda Jordan,barretteric@gmail.com,2025-05-16,North Elizabeth
731,Erika Stokes,mhuang@alexander.com,2023-12-19,New John
732,Michael Madden,vsantiago@hotmail.com,2024-11-29,Alexanderfort
733,William Davis,scott52@osborn.com,2023-12-16,Deborahchester
734,Cassandra Scott,michael86@johnston.com,2024-03-21,South Andrewstad
735,Nicholas Payne,eanderson@foster.net,2024-10-08,West Jared
736,Brenda Bradshaw,jacobsjohn@hotmail.com,2023-07-19,New Samanthaberg
737,Crystal Reed,jensenkimberly@yahoo.com,2023-07-16,South Jamesmouth
738,Michael Mason,monica31@daniels.biz,2025-04-11,Williamsburgh
739,Nicholas Brown,lisahawkins@gmail.com,2023-11-25,Ryantown
740,Joseph Ward,hpark@gmail.com,2024-01-18,Michaeltown
741,Michael Valenzuela,oliviacook@yahoo.com,2023-12-08,Matthewhaven
742,Krista Thornton,jennifergriffin@harris.com,2024-08-23,Dennisview
743,Michelle Salazar,kellymay@mitchell.net,2024-10-24,South Christopherland
744,Catherine Proctor,tharrison@taylor.com,2024-07-15,Mendezhaven
745,Timothy Williams,tiffany73@steele-mckenzie.info,2023-12-05,Port Amber
746,Brooke Hawkins,melissa28@yahoo.com,2024-07-22,Port Melinda
747,Andrew Daniel,jennifer00@clayton-brown.com,2023-11-18,Dianaberg
748,Ann Johnson,jasonhill@potter-rasmussen.net,2024-05-11,South Caroline
749,Elizabeth Lopez,barnesjames@mejia.com,2025-01-22,Drakeborough
750,Barbara Castro,ybrown@henderson-wilkerson.com,2023-06-15,Wesleyhaven
751,Richard Wright,gwilson@hotmail.com,2024-10-09,Bishopshire
752,Angela Sullivan,heatherlee@gmail.com,2024-01-28,Anthonyview
753,Ronald Mayo,castilloandrea@martin.com,2024-06-30,Aliciaview
754,Duane Nolan,ortiztravis@gmail.com,2023-12-03,Andrewland
755,Ernest Navarro,ewilliams@anderson.com,2023-07-07,West Nathanielstad
756,Sergio Vargas,wolfemichelle@gmail.com,2023-12-16,Velazquezside
757,Ruth Cruz,wendybruce@ruiz.info,2023-08-08,Lake Carlosland
758,Christine Ponce,audrey43@hotmail.com,2024-10-19,New Angel
759,Michael Dickerson,rileyjason@yahoo.com,2023-12-20,Port Courtney
760,Amanda Mckenzie,jessicabrown@yahoo.com,2024-01-14,Farrellview
761,Patrick Brown,mirandaclark@gmail.com,2025-05-24,Courtneymouth
762,Shelby Smith,yestes@alvarez-pacheco.com,2024-11-01,Brownfurt
763,Adam Miller,ygreene@kane.info,2024-07-07,Port Joannchester
764,Steven Brown,anthonypittman@yahoo.com,2023-10-18,Austinhaven
765,Matthew Reilly,kphillips@smith-wood.com,2025-02-15,South Markburgh
766,Kathy Brown,georgechristopher@henderson.info,2024-04-08,Christopherfort
767,Daniel Brown,jennifer35@hotmail.com,2025-05-11,Tyronestad
768,Jessica Scott,shannonjessica@hotmail.com,2023-12-09,Wardside
769,Jodi Sloan,kristen97@patterson.org,2025-04-25,West Stephanie
770,Angela Johnson,michael75@dean.com,2024-07-31,North Williamville
771,Lori Montgomery,deleonveronica@hotmail.com,2023-08-03,West Richard
772,Robert Shaffer,craigbrittany@sanchez.com,2023-12-04,Taylorfort
773,Brianna Becker,hernandezdeborah@yahoo.com,2023-12-22,Collinsburgh
774,Gabriel Foster,john35@gmail.com,2023-10-22,Lake Henryton
775,Ross Dougherty,slopez@gmail.com,2025-03-14,Walkerberg
776,Anita Harvey,tinahicks@gmail.com,2024-05-09,East Jack
777,Denise Love,maria53@bruce-simpson.com,2023-09-02,Marvinport
778,Ann Snow,phillipsgina@walker.org,2024-01-05,Justinborough
779,Nicole Salazar,edward61@yahoo.com,2024-07-19,Jonesfurt
780,Leslie Ramirez,gschultz@golden.info,2024-03-16,Judyville
781,Ryan Hunt,lawrence15@peterson.com,2023-08-10,Andradeborough
782,Jason Wood,garciamadeline@barnes-martin.com,2024-03-17,North Heidistad
783,David Logan,bryantheather@gmail.com,2025-04-30,South Chelsea
784,Amanda Morgan,xlopez@adams.com,2024-01-18,Richardfort
785,Jennifer Klein,sheila82@hotmail.com,2025-01-09,Andersonmouth
786,Kelly Horton,kimberlyhamilton@yahoo.com,2024-06-15,South Karen
787,Richard Mathis,greenekyle@ritter.info,2024-03-24,Mccallville
788,David Scott MD,cbrown@yahoo.com,2024-06-01,Martinmouth
789,Sara Scott,jorgerangel@lloyd.info,2024-03-02,New Gregoryberg
790,Maria Conley,edwardsjill@gmail.com,2024-04-14,Sarahfort
791,Christina Duarte,richard85@yahoo.com,2023-12-23,Mirandaberg
792,Sydney Ruiz,tortiz@gmail.com,2024-09-09,Miguelshire
793,Amy Bates,bobby10@hotmail.com,2024-01-25,Hayneshaven
794,James Dorsey,riverachristopher@gmail.com,2024-04-11,Wallacefort
795,Erika Barker,gabrielmayer@hudson.com,2024-10-13,East Morgan
796,Kayla Newman,mcmahonlaura@lee.net,2023-12-23,Dannyfort
797,Shelley Koch,peterdavis@yahoo.com,2023-11-04,Hamiltonchester
798,Erica Navarro,debbiegrant@wells-richards.com,2024-03-27,Everettport
799,Jillian Cummings,daviscarol@yahoo.com,2024-03-23,East Danieltown
800,Daniel Hess,weaverwarren@hotmail.com,2024-07-12,Lake Mariastad
801,Mrs. Kelly Clements,sharon21@gmail.com,2024-06-08,West Angelafort
802,Kelly Rodriguez,henrylaurie@yahoo.com,2024-05-25,New Kimberlyfort
803,John Potts,anitacurtis@gonzalez.com,2023-09-25,Lake Ronnie
804,Teresa Martin,brooksbryan@hamilton.com,2023-10-25,Charlesburgh
805,Bradley Peterson,nathanwilliams@hotmail.com,2024-09-18,Port Edwin
806,Debra Payne,dillonemily@hotmail.com,2023-12-31,Floresborough
807,Robin Hall,ycastillo@yahoo.com,2023-12-28,Ashleyshire
808,Logan Rasmussen,fzavala@patterson.com,2024-08-04,Diazport
809,Austin Taylor,cmann@gmail.com,2023-12-06,Williamton
810,Natalie Boone,pblack@kent-brooks.net,2024-09-09,New Michaelfurt
811,Ashley Gibbs,jennifer79@yahoo.com,2024-02-10,Kristishire
812,Jasmine Greene,millersheena@jones-mcdonald.com,2024-12-11,Thompsonstad
813,Allison Mitchell,sergioaustin@moore-banks.org,2023-07-24,Jamiechester
814,Sean Allen,shannonbruce@little.com,2023-06-27,South Marieshire
815,Robert Herrera,gilmoresarah@yahoo.com,2024-12-22,Patriciamouth
816,David Wade,wgonzalez@gonzalez.com,2023-07-22,Jasonberg
817,Nancy Fuller MD,johncampbell@barrett-arnold.com,2024-04-15,Anthonyhaven
818,Toni Gallagher,shunt@hotmail.com,2024-08-04,Aaronburgh
819,Victoria Mitchell,kgallagher@gmail.com,2025-01-24,Ricebury
820,Jeffrey Burke,john11@yahoo.com,2024-02-09,South Anthonyport
821,Erin Williamson,matthewroberts@hotmail.com,2023-08-13,Tinaland
822,Cynthia Schultz,martinthomas@carey.com,2023-11-20,Lake Kathryn
823,Mrs. Summer Roberson,zguzman@hotmail.com,2024-10-23,North Stevenshire
824,Ashley Cole,kathy03@yahoo.com,2023-06-05,Port Laurie
825,Jeremy Moore,michele97@drake.com,2023-08-04,Brucefurt
826,Isaiah Griffith,valdezjesse@schmidt.biz,2024-12-14,Samuelburgh
827,Allen Dean,jennifersosa@yahoo.com,2024-04-16,Collinsland
828,Chad Willis,njohnson@hubbard-cruz.com,2024-09-27,South Christopher
829,Robert Parsons,rothdeborah@munoz.biz,2023-07-05,Wilsonhaven
830,Christina Martin,hartmanbrent@shelton.com,2024-01-29,Georgeport
831,Micheal Evans,haynesricardo@gmail.com,2023-07-10,Mcintyreshire
832,Kyle Myers,rharmon@williams-smith.com,2024-01-15,New Joshuachester
833,Todd Young,ramostimothy@hamilton-reed.org,2023-06-25,Port Matthew
834,Rachel Hernandez,hendricksjoshua@gmail.com,2023-09-17,West Ryanview
835,Natalie Garcia,kempmaria@cox.com,2023-10-14,Lake Jeffreyville
836,Allen Martin,ekirby@yahoo.com,2024-12-24,Lake Daniel
837,Jeffrey Chen,danielmurphy@hotmail.com,2023-06-08,Brandonburgh
838,Helen Jones,darren34@gmail.com,2025-03-02,Perkinston
839,Austin Marshall,qcombs@hotmail.com,2024-12-10,Johnsonchester
840,Debra Smith,manuelali@hotmail.com,2025-04-08,Feliciaton
841,Stephanie Collins,jkim@hays.com,2024-03-31,North Melissaport
842,Corey Decker,meghan45@gmail.com,2024-01-27,Gonzalesberg
843,Brandy Wilson,swansonsarah@chandler-chung.biz,2024-11-06,Jamesberg
844,Ashley Harris,philiprivera@dunn.com,2023-08-27,Brandonburgh
845,Don Rios,johnbrown@gmail.com,2025-02-10,South Matthewbury
846,Julie Johnson,wyattgarcia@daniels.com,2024-10-28,South Terranceland
847,Sara Solomon,cortezjohn@chapman-turner.com,2023-10-13,Lake Caitlinshire
848,Tracey Hall,joseph71@williams.info,2023-09-21,South Michaelstad
849,Christina Malone MD,allison00@hotmail.com,2025-03-31,North Victor
850,Sonya Byrd,pateldavid@yahoo.com,2024-11-13,North Dillon
851,Samuel Anderson,dgarcia@yahoo.com,2025-05-01,East Martinfort
852,Ashley Ramirez,tylercaldwell@gmail.com,2024-03-31,Lake Mark
853,Mark Miller,andrewtrujillo@gmail.com,2024-02-16,Port Richard
854,Lisa Hudson,leealvarado@yahoo.com,2024-06-01,Fisherburgh
855,Michael Pena,craig46@cruz.org,2024-04-07,Port Charlesfurt
856,Peter Anderson,williamskelly@gmail.com,2024-11-27,Whiteside
857,Jeffrey Lawrence,wkerr@gmail.com,2025-05-27,Johnsonfurt
858,Andrew Smith,jennifer13@gmail.com,2025-06-01,Phillipton
859,Claire Flores,charles14@randall.info,2023-12-28,Curtisborough
860,Rachel Wiggins,gsalazar@green-thompson.biz,2024-04-11,East Ryan
861,Melissa Ibarra,timothy09@barnes.com,2024-04-11,Scottview
862,Benjamin Andersen,brendarodriguez@hotmail.com,2024-12-05,Christopherberg
863,Javier Miller,alexander53@osborn.com,2024-02-11,East Georgeside
864,Deborah Brown,weberdenise@wiley.info,2024-04-16,Marcusside
865,Michael Byrd,edward74@pittman-valencia.com,2025-04-28,Travisstad
866,Nicholas Stone,reedmichael@blair.net,2024-08-14,Carlamouth
867,Joshua Smith,athompson@gmail.com,2023-07-21,Ambermouth
868,Richard Graves,carsonlynn@hernandez.net,2024-11-09,South Christy
869,Victoria Gonzalez,rangelrussell@johnston.com,2024-02-25,Kristyhaven
870,Jennifer Noble,brownkristin@walker.net,2023-08-26,Loganbury
871,Mitchell Russell,shannon95@robinson.info,2024-12-19,Bennettville
872,Sarah Young,richard75@hotmail.com,2024-02-20,Mitchellborough
873,Richard Castro,veronicawilson@farrell.com,2025-01-22,Littlechester
874,Brian Fernandez,leeashley@rios.com,2023-09-02,Richardview
875,Robert Fisher,amandaherrera@jackson.info,2023-08-11,Millerfort
876,Kristine Brady,chavezpaula@gmail.com,2023-07-13,Calebborough
877,Jordan Townsend,eharris@yahoo.com,2024-04-29,Port Graceton
878,Francisco Smith,marygarrett@gmail.com,2024-02-16,North Anna
879,Laura Arias,sheltondanny@yahoo.com,2024-07-10,Toddland
880,Jennifer Hunter,swansonsandra@henry-wagner.biz,2025-03-28,East Melissa
881,Sonya Hernandez,ubrown@yahoo.com,2023-11-09,East Angela
882,Janice Dunn,danielserin@gmail.com,2024-05-07,Port Susanchester
883,John Hill,matthew37@williams-munoz.info,2024-02-26,South David
884,Stephanie Hawkins,wtaylor@fox.com,2024-04-11,Vegamouth
885,Margaret Munoz,juanharris@wright.com,2024-09-30,East Kevin
886,Andrew Scott,nhester@hotmail.com,2024-05-27,New Andreabury
887,Elizabeth Mcguire,rachelroy@gmail.com,2023-10-05,Lake Jillside
888,Mark Howell,joshuareed@harris.com,2025-03-01,East Lisa
889,Evan Bird,linjames@gmail.com,2024-02-04,Deniseberg
890,Michelle Powers,dpennington@yahoo.com,2025-03-02,Arthurland
891,Laura Gomez,ronald25@flynn-johnson.com,2025-05-08,Port Kelly
892,Thomas Mueller,kelleyanne@bryant.com,2023-10-12,Vaughanview
893,Daniel Miller,cdavis@yahoo.com,2023-07-27,Kyleborough
894,James Rivera,nlee@gmail.com,2024-01-30,Port Kathryn
895,Kenneth Donovan,tarakaufman@costa.com,2023-12-11,Crawfordside
896,Tyler Hale,keith16@hotmail.com,2025-03-22,West Anthony
897,Henry Lopez,fernandezsummer@rose.info,2024-03-09,North Robert
898,Parker Dawson,nsanchez@valdez-schultz.com,2024-07-31,Alexanderstad
899,Destiny Dickerson,kelseyhuynh@smith.org,2024-04-15,Port Malloryshire
900,Anna Alexander DDS,patelsean@evans.com,2024-06-03,New Sarah
901,Tracy Johnson,uhorton@holder.com,2025-01-10,Snyderburgh
902,Tyler Stevens,bmanning@quinn.com,2023-09-26,Port Austin
903,Arthur Tucker,mbrown@williams-campbell.com,2024-05-10,East Lindaborough
904,Benjamin Lewis,sphelps@williams-andrews.biz,2024-01-25,Port Daniel
905,Charles Barnes,xhall@gmail.com,2024-07-03,Port Nicole
906,James Spencer,sevans@salazar.com,2025-05-12,Kleinfurt
907,Daniel Lopez,fwells@caldwell-hatfield.biz,2024-09-14,North Valerieland
908,Crystal Shepard,kmorris@gmail.com,2025-02-08,North Scott
909,Frank Henry,ingramcody@hotmail.com,2024-11-07,Quinnview
910,Lauren Chandler,eric87@hotmail.com,2024-07-16,Denisetown
911,Jeremy Rowe,pagestephanie@mora-brewer.info,2024-10-16,Mooreshire
912,Teresa Hodges,ogardner@hotmail.com,2024-08-31,Bruceside
913,Kathryn Flores,kelly86@gmail.com,2024-06-03,Port Michelleport
914,Isaac Moore,nrobinson@garrison.com,2025-01-29,Julianburgh
915,Jill Cohen,gonzalezgregory@alexander.info,2024-10-31,Millermouth
916,Lisa Guerrero,kelleylori@johnson-anderson.net,2025-05-31,North Allen
917,Ashley Robinson,victoriagreen@kent.com,2024-11-03,New Andrew
918,Melissa Perez,andrew65@gmail.com,2024-02-29,Roybury
919,James Howard,chelsea02@williams-english.info,2023-10-03,South Angiemouth
920,Heather Stein,amyrivera@morales-chavez.net,2024-07-28,Hollandbury
921,William York,zpadilla@rios-johnson.com,2024-09-06,Port Cristinahaven
922,Scott Kirk,treynolds@gmail.com,2024-02-28,Port Michellestad
923,Rachael Whitehead,douglas94@yahoo.com,2023-07-06,Frankchester
924,Danielle Dalton,fjackson@fox-hansen.com,2023-09-16,Port Aprilmouth
925,Henry Oneal,alexanderlawrence@hotmail.com,2024-12-18,New Jackhaven
926,Timothy Sanchez,tylercook@elliott-bennett.org,2024-09-23,East Robert
927,Michael Davis,davidsonchad@wright-davis.net,2024-08-25,South Nancy
928,Juan Carter,uwheeler@ward.org,2023-07-28,Flowersmouth
929,Tonya Alexander,samantha01@hotmail.com,2025-02-02,Weissberg
930,Amanda Hester,xcalhoun@garcia.com,2024-07-23,Lake Ronniebury
931,Matthew Harris,denise76@ward-sparks.org,2024-03-02,West Dennismouth
932,Emily Jacobson,kimberly34@diaz.net,2024-06-04,Port Edward
933,Devon Rodriguez,lstevenson@ramirez.org,2024-02-22,New Brian
934,Ashley Burns,joshua90@hotmail.com,2023-06-24,Millertown
935,Christian Zamora,angela00@serrano.com,2024-03-20,North Kimberlyview
936,Douglas Campbell,lisa68@yahoo.com,2024-02-16,Wisehaven
937,William Johnston,millerkrystal@yahoo.com,2024-06-08,Cruzland
938,Cory Tyler,mark18@raymond.info,2023-10-18,Port Michael
939,Jeremy Bright,amy81@gmail.com,2024-11-04,North Kevin
940,Nancy Hernandez,ryan67@hotmail.com,2025-05-26,East Andreafort
941,Sandra Thompson,william57@munoz-harrison.com,2024-06-10,New Michael
942,Jennifer Nielsen,mbutler@yahoo.com,2023-06-20,Ericaville
943,Todd Hubbard,frenchmichelle@gmail.com,2023-09-07,East Wendy
944,Amanda Davis,brownsuzanne@turner.net,2024-05-30,Maryport
945,Mark Bell,matthewfry@gmail.com,2023-08-13,Sharonchester
946,Charles Morrison,melissa87@white.com,2023-07-31,Lake Erika
947,Shelby Davis,ppalmer@yahoo.com,2025-01-15,New Anthony
948,John Mason,zhouse@gmail.com,2023-07-24,Riosbury
949,Douglas Cole,xjohnson@yahoo.com,2024-08-24,Ramirezberg
950,Donald Reynolds,bradley68@turner.biz,2024-07-17,Rodneyberg
951,Richard Brewer,daviddyer@hotmail.com,2024-01-23,Kevinmouth
952,Christine Harris,khanbenjamin@parker-larson.net,2025-05-24,West Jeffreyview
953,James Jones,craig83@gmail.com,2025-04-04,North Garyburgh
954,Taylor Hughes,jonathanmcdonald@flores-barry.net,2024-04-24,Johnshire
955,Lindsay Wells,petersondavid@stuart-jackson.com,2025-04-04,Alexanderton
956,Amanda Spencer,suzanne56@watts.com,2025-04-23,South Martinhaven
957,Victoria Singleton,cathy94@yahoo.com,2023-09-21,Alexandraview
958,Alicia White,jweeks@gmail.com,2023-08-07,Lake Daniellebury
959,Ashley Cowan,robert89@yahoo.com,2023-10-09,East Charlesville
960,Dr. Derek Mullins Jr.,josephrosales@hunter-fischer.com,2023-07-29,East Paul
961,April Shelton,martinfrancis@richardson.biz,2024-12-01,Rodriguezshire
962,Kristi Diaz,timothy59@evans.biz,2024-11-02,West Breannafort
963,Anna Ruiz,theresa94@reed-henderson.org,2023-12-15,Port Jamesfort
964,Christopher Anderson,pedwards@taylor-jones.org,2023-08-03,Laurentown
965,Jody Edwards,cwilliams@gmail.com,2023-09-12,West Amanda
966,Ashley Gamble,pthompson@yahoo.com,2025-01-29,South Michael
967,Donald Pham,greenbrooke@robinson.biz,2025-02-07,Nicholsshire
968,Robert Green,osanchez@maynard.info,2025-01-14,Garrettberg
969,Olivia Landry,dawn48@hotmail.com,2025-04-13,Chavezstad
970,Anthony Randolph,gjohnson@morgan-gill.com,2024-12-26,West Benjamin
971,Kelly Scott,michaelortega@hotmail.com,2024-09-19,Brewerport
972,Joshua Gibson,dyerkathleen@gmail.com,2024-05-03,New Christina
973,Matthew Lopez DDS,eortega@yahoo.com,2024-06-25,Raymondfort
974,Mark Turner,hawkinsdaniel@hotmail.com,2023-09-10,Williamsside
975,Rhonda Long,oacevedo@martinez.org,2023-08-01,West Michael
976,Michael Gaines,bergjason@lowe.net,2023-11-17,West Alexandraside
977,Timothy Cameron,xrhodes@gmail.com,2024-09-05,Leemouth
978,Kevin Bailey,woodwardkathryn@yahoo.com,2023-09-02,Laurachester
979,Christopher King,michaeljohnson@bentley-walter.biz,2023-06-12,Tammyville
980,Cindy Weiss DVM,wolfdavid@everett-flores.net,2025-01-21,Angiestad
981,Jennifer Austin,rodriguezallison@ho-schneider.com,2024-11-27,Gonzalezfort
982,Gina Davis,larsonsamantha@valdez-gomez.com,2024-12-27,West Patriciaton
983,Andrew Miller,lamjennifer@long.com,2024-06-13,Ralphhaven
984,Sherry Yoder,jesuswilson@hotmail.com,2024-05-18,South Aliciaside
985,Sheila Fitzpatrick,carriemontgomery@yahoo.com,2024-04-17,Lake Julia
986,John Williams,dmccoy@gmail.com,2023-12-04,Port Richard
987,Melissa Martin,kimberlyperez@gmail.com,2025-01-22,New Kathyfurt
988,Tracy Nunez,gregoryjohnson@yahoo.com,2024-11-03,Racheltown
989,Nicole Petersen,calvin63@smith-figueroa.com,2023-10-15,Gravesstad
990,Ann Collier,lance69@wilson.org,2024-01-22,Amyhaven
991,Travis Chambers,lindseythomas@lucas-nichols.info,2025-03-03,Jamesborough
992,Benjamin Carroll,heather62@martinez.com,2024-07-18,Johnmouth
993,Andrea Hale,ohenry@wolfe.org,2023-07-04,Catherineside
994,Kayla Leonard,fergusontara@gonzalez.org,2023-08-20,Port Caitlin
995,Nicholas Miles,anthonycrawford@yahoo.com,2024-05-17,South Crystalside
996,David Hernandez,leerusso@fisher.net,2024-04-11,Wilkinsonberg
997,Juan Garcia,jordansuzanne@banks.org,2024-12-06,Rebeccaside
998,Thomas Brown II,nmccall@castillo.com,2024-06-03,Walterstown
999,Christine Howe,christophervelez@gmail.com,2024-10-02,Orozcostad
1000,Marilyn Fuller,bakerjoseph@yahoo.com,2023-07-26,West Nancyfurt
1001,Shannon Dixon,vegajuan@gmail.com,2024-09-12,Smithville
1002,Robert Jimenez,reillysherry@gmail.com,2023-10-25,East Jaimeland
1003,John Sanchez,samanthapatterson@white.com,2024-11-16,Smithshire
1004,Anthony Mcdonald,kimberlysanchez@rodriguez.org,2024-12-26,Wardstad
1005,Patrick Johnson MD,valeriejordan@yahoo.com,2024-08-05,Sullivanville
1006,Sara Martin,kristopher97@hotmail.com,2023-09-18,South Brian
1007,Charles Ford,uzhang@yahoo.com,2024-06-08,Richardburgh
1008,Jennifer Roberts,brian93@gmail.com,2025-05-07,Torresfurt
1009,Matthew York,michelletran@beasley-johnson.com,2024-10-06,Lake Jenniferbury
1010,Elizabeth Williams,pguzman@smith.org,2024-07-02,North Tonya
1011,Pamela Guzman,malonedaniel@yahoo.com,2024-04-29,Lindaberg
1012,David Scott,hhughes@gmail.com,2023-07-09,Bishopborough
1013,Dennis Fields Jr.,jesse54@yahoo.com,2023-06-15,Garciaburgh
1014,Stephanie Stark,rita38@johnson.net,2023-07-26,Lake Brandi
1015,Garrett Sweeney,zriley@hotmail.com,2023-11-22,New Williamberg
1016,Eric Stephens PhD,mariarobinson@gmail.com,2024-09-21,Bryanfort
1017,Jason Myers,ismith@stout.com,2023-11-27,North Nancyville
1018,Stephanie Shaw,davidrogers@rodriguez.info,2023-11-25,North Rachelstad
1019,Matthew Gutierrez,erichopkins@lee.com,2023-11-09,Wayneborough
1020,Charles Schaefer,matthew98@yahoo.com,2024-11-17,Lake Amanda
1021,Nichole Coleman,smalljames@anderson.com,2024-12-02,Scottland
1022,Misty Becker,lopezrandall@harris-hernandez.com,2023-06-18,Mcintyrefurt
1023,Bobby Bird,cristina64@hotmail.com,2025-05-23,Kerryville
1024,Rachel Walter,walkerrebecca@riggs.net,2024-11-21,West Raymondside
1025,Nicholas Fleming,meyerthomas@smith.com,2023-11-25,West William
1026,Jeffrey Dudley,lancehoward@frye.com,2024-10-04,Duffytown
1027,Christopher Diaz,christopherchapman@gmail.com,2024-03-09,Lake Maryville
1028,Dawn Lawrence,walter73@yahoo.com,2024-05-23,Littleview
1029,James White MD,micheal61@young-adams.biz,2024-07-29,New Heidimouth
1030,Francisco Watson,fhernandez@stone.com,2024-10-29,Port Joel
1031,Mark Hopkins,christine06@yahoo.com,2025-05-13,North Elizabeth
1032,Mark Ortiz,krussell@hotmail.com,2025-03-18,West Cody
1033,Susan Lopez,elliottgregory@roberts.com,2024-08-13,South Joshuafurt
1034,Laura Tran,larry51@owens.com,2023-12-07,Franklinport
1035,Sheila Vargas,dcampbell@bailey.info,2024-08-16,Dianashire
1036,Ruben Campbell,hurstmeredith@mcdaniel.com,2024-01-24,Lake Victorialand
1037,Christopher Richardson,allisonbauer@gmail.com,2023-09-10,Manuelburgh
1038,Jessica Davila,anthony06@williams.com,2025-04-01,Stevenside
1039,Carl Houston,james03@yahoo.com,2023-10-29,Krauseberg
1040,Christina Lawrence,kelly48@carter-pierce.com,2025-04-16,Mossland
1041,Ashley Parker,armstrongrobert@yahoo.com,2025-04-23,New Karen
1042,Tasha Green,xallen@daniels-franco.net,2024-01-22,Brittanyborough
1043,Amy Ray,alexrodriguez@pierce.com,2024-03-25,New Christophershire
1044,Daniel Marquez,tgreen@gmail.com,2025-05-12,Smithview
1045,David Reyes,hhunter@forbes.com,2024-04-23,Dustinfurt
1046,Teresa Estrada,terriallen@liu.com,2025-05-30,Josephberg
1047,Teresa Russell,ikennedy@bennett.info,2024-08-23,Christopherberg
1048,David Snyder,wellis@hotmail.com,2023-08-07,South Troy
1049,Laurie Mitchell,jason71@hotmail.com,2024-05-06,Hunthaven
1050,Anthony Knox,ramirezmichelle@hotmail.com,2024-12-11,Williamsstad
1051,Jenna Arnold,angela87@yahoo.com,2023-07-20,North Danaberg
1052,Larry Walker,michael77@hotmail.com,2024-06-18,Taylorstad
1053,Joseph Spencer,jamesglass@yahoo.com,2023-09-15,Danielmouth
1054,Christopher Scott,katelynsantos@gmail.com,2024-05-19,Lake Patriciafurt
1055,Margaret Edwards,tgutierrez@beard.com,2023-10-03,South Melindamouth
1056,Linda Peters,veronica49@gmail.com,2024-01-01,Kellymouth
1057,Kayla Hopkins,rreed@jones.com,2023-06-17,Billytown
1058,Joshua Blake,brandon50@hotmail.com,2024-01-24,South Michael
1059,Sara Russo,evansgabrielle@hotmail.com,2025-01-30,Port Angelchester
1060,Mrs. Tammy Woods MD,murphyadam@mcfarland-craig.com,2024-04-06,New Emily
1061,Robert Fletcher,jessicawood@hotmail.com,2024-07-19,North Andresshire
1062,Katherine Flores,robinsonrobert@gmail.com,2024-10-13,South Alexanderton
1063,Lawrence Russo,gthomas@velazquez.info,2024-12-31,East Billy
1064,Gabriel Brown,jessica36@wall.info,2024-01-08,Lake Joe
1065,Lydia Miller,lee12@lopez.net,2025-03-28,Joshuafort
1066,Nancy Potter,paul74@daniel.biz,2024-09-03,Lake Amanda
1067,Jay Ramirez,brucebrian@yahoo.com,2024-06-29,Westview
1068,Lori Miller,fmiles@gmail.com,2024-11-23,Monicaport
1069,Miss Kristine Madden,reidchristopher@hotmail.com,2024-07-26,New Patriciaborough
1070,John Kaiser,tracy37@gmail.com,2023-09-30,Lopezview
1071,Mary Johnson,lee76@gilbert.org,2024-05-02,New Katherine
1072,Paul Campbell,lopezmegan@aguirre.com,2023-08-12,Jennifermouth
1073,Eric Moore,amedina@vega.com,2025-05-02,Jenniferview
1074,James Cobb,johnsonleslie@yahoo.com,2025-01-03,Perezmouth
1075,Rachel Burke,ohickman@hotmail.com,2024-01-17,Lake Danielhaven
1076,William Simmons,kellymorton@torres.org,2023-08-18,Lake Kristie
1077,Steven Stout,uelliott@yahoo.com,2024-03-08,Robertsonfort
1078,Elizabeth Sanders,thomas77@hotmail.com,2025-02-28,Laurahaven
1079,Debra Watson,melissawarren@kemp-kennedy.com,2025-02-01,Dickersonhaven
1080,James Berry,benjaminanthony@hotmail.com,2023-06-02,Jayland
1081,Molly Powell,ahayes@wilson-carroll.com,2024-04-18,Evanston
1082,Timothy Dean,jeffrey79@mcdaniel.net,2025-03-30,Teresaton
1083,Michael Schwartz,robertnelson@hotmail.com,2023-11-07,Reneeland
1084,Ruben Bond,david44@gmail.com,2024-05-27,Kristineshire
1085,Nicholas Nguyen,annasmith@boyd.com,2024-05-07,East Darleneville
1086,Noah Hayes,gloriakoch@sanchez.net,2024-11-04,New Carolmouth
1087,Daniel Reed,derek77@miller-stone.info,2023-06-27,West Debra
1088,Kevin Braun,shawn04@jennings-flores.com,2024-08-19,West Ryantown
1089,James Bell,kimberlysanders@hudson.com,2023-12-25,Pricetown
1090,Jill Goodman,llawrence@woods-daniels.com,2025-04-20,East Jason
1091,Andrew Martinez,vhancock@yahoo.com,2025-01-07,Bendershire
1092,Elizabeth Ortega,dsmith@johnson-greer.net,2024-08-20,Transtad
1093,Wanda Vaughn,lisagibbs@hotmail.com,2024-08-11,Lake Shawn
1094,Kyle Byrd,barbara01@hotmail.com,2025-03-05,Wilsonside
1095,Sean Wall,jessica82@gmail.com,2024-10-31,New Stevenland
1096,Alan Huber,ywoodward@vega.com,2023-08-22,Reidland
1097,Paul Huffman,pramos@yahoo.com,2024-10-20,Evelynland
1098,Vicki Parsons,qcampbell@gmail.com,2024-05-06,Port Matthewville
1099,Sara Chandler,dwelch@smith.org,2024-07-20,New Evan
1100,Jerry Nelson,ruiztracy@gmail.com,2025-05-19,Beckerhaven
1101,Katherine Garcia,ewest@gmail.com,2024-06-18,Hudsonmouth
1102,Gary Campos,lindseypowell@washington.biz,2025-05-01,Jenniferfurt
1103,Catherine Alexander,lisaramos@mathis-martinez.com,2024-06-17,Nicolemouth
1104,Mrs. Karen Brown,gabriel04@yahoo.com,2023-08-24,South Kristifort
1105,Audrey Hill,briana13@hodge.com,2023-07-14,East Erin
1106,Carrie Jones,robertgates@nguyen-kelly.com,2024-09-04,Lake Jeffreyhaven
1107,Gregory Blackburn,pughjulie@sutton.com,2024-08-15,Seanside
1108,Patricia Cooper,tylermichael@hotmail.com,2025-05-29,Laraton
1109,Heather Crawford,jeffreyhull@hoffman.net,2024-09-16,Nathanielshire
1110,Amanda Smith,nicole92@yahoo.com,2023-07-07,South Stacy
1111,Elizabeth Cox,lwalter@padilla-herrera.info,2023-09-20,Port Johnhaven
1112,Karen Thompson,dakota13@cooper-gross.org,2024-01-19,Alexandertown
1113,Nicole Mcdonald,tkelly@gmail.com,2025-05-23,Port Michaelstad
1114,Katie Martin,david02@mcdonald-jennings.org,2025-04-26,West Jennifermouth
1115,Sandra Gutierrez,hcastro@hopkins-watkins.biz,2024-09-16,Johnville
1116,Cody Chambers,sandrarobinson@gmail.com,2024-05-06,West Mary
1117,Alexander Sims,brookejones@yahoo.com,2024-09-26,West Patriciafurt
1118,Mark Walls,weissjade@hotmail.com,2024-03-27,Briannatown
1119,Sherry Brown,hholder@yahoo.com,2023-06-28,Rebeccafurt
1120,Michael Davis,patrick01@gmail.com,2025-02-28,Jonathantown
1121,Monica Hudson,rodriguezkatie@kent.com,2024-05-12,South Margaretville
1122,Sierra Williams,hernandezrita@myers-peters.org,2025-04-27,Robertborough
1123,Stephen Graham,oprince@hotmail.com,2024-02-14,Joshuashire
1124,Robert Martinez,taylor94@jones-ross.biz,2025-02-10,Port Carloschester
1125,Joseph Andrade,savageelizabeth@andrews.com,2023-08-18,West Jennifer
1126,Stephanie Barrett,sotoaaron@gmail.com,2023-07-28,Garciaport
1127,Christopher Jones,geoffrey46@mendez.com,2024-07-07,Lake Alice
1128,Cory Chavez Jr.,dillongarza@jackson.biz,2023-10-04,Nguyenfort
1129,Heather Butler,edgar05@walsh.com,2023-06-25,East Kristi
1130,David Reyes,christine44@yahoo.com,2024-09-09,Nicoleport
1131,Danny Case,tracey09@chapman.biz,2023-09-12,East Coleport
1132,Roger Barron,montgomerysteven@willis.info,2023-12-22,Michaelfurt
1133,Derrick Johnson,raymondallen@hotmail.com,2024-01-17,North Sharonhaven
1134,Larry Sloan,alberthaley@russell.com,2023-09-08,West Jamesfurt
1135,Jeffery Fields,tylergray@hotmail.com,2023-06-25,Edwardfort
1136,Margaret Cervantes,fieldsalyssa@cruz-harrell.com,2023-10-04,Lake Ruth
1137,Timothy Abbott,allison25@gmail.com,2024-10-16,New Bonnieshire
1138,Kathleen Fuentes,amymartin@franklin.com,2024-09-01,Lake Christineshire
1139,Anthony Curtis,watkinssteven@brown.org,2024-11-30,North Danielleburgh
1140,Dana Perkins,lisasmith@hotmail.com,2025-02-20,West Danielbury
1141,Stacey Wright,rflores@yahoo.com,2025-05-06,Lake Aaronmouth
1142,Kendra Acosta,whitesherry@hotmail.com,2024-09-16,West Chelseytown
1143,Adam Clark,nsmith@scott.info,2024-10-13,Ericksonstad
1144,Justin Wilson,xmiller@gonzalez.org,2025-02-16,Joshuaton
1145,Samantha Johnson,john56@yahoo.com,2023-08-19,North Stuartville
1146,Edward Oconnor,lwise@miller.com,2023-10-10,New Tiffany
1147,Jacqueline Marshall,michellebarber@hawkins-dixon.org,2024-09-09,South Daniel
1148,Donna Crane,ahughes@gmail.com,2024-09-26,East Matthew
1149,Catherine Ramos,jonesshannon@yahoo.com,2024-12-13,Christinashire
1150,Christina Drake,kathrynrusso@bautista.biz,2025-05-15,Brooketown
1151,James Schmidt,ramoschristopher@barry.com,2023-09-30,West Heatherside
1152,Mrs. Hannah Cook MD,laura87@yahoo.com,2024-04-12,Kevinshire
1153,Felicia Cummings,zallison@roth-mcclure.org,2024-03-17,New Jesse
1154,Pamela Bailey,cparker@michael.com,2023-07-22,New Kellyview
1155,Steven Robertson,kevinacosta@hampton.com,2025-04-21,Oneillchester
1156,Oscar Price,johnsonbrenda@henderson.net,2024-07-10,North Tammytown
1157,Nicole Rogers,zcase@hotmail.com,2025-05-18,New Jesus
1158,Rodney Anderson,jenkinskathleen@gmail.com,2024-04-26,Christensenberg
1159,Raymond Wilson,davisbrian@yahoo.com,2024-07-01,West Kimberlyshire
1160,Austin Anderson,smithstephen@ford.org,2025-03-24,Stricklandville
1161,Brittany Hayden,operkins@williams-russell.net,2024-10-11,Kylehaven
1162,Katie West,rodneysutton@newman.com,2025-04-02,Jennifertown
1163,Miguel Lee,ronald90@gmail.com,2024-02-06,New Alexander
1164,Tyler Rodriguez,wendyalexander@gmail.com,2024-11-10,North Kevinchester
1165,Joshua Hoover,george50@hotmail.com,2024-06-01,South Andreatown
1166,Julia Williams,jsmith@burke-navarro.com,2023-12-17,Andersonstad
1167,Kenneth Carpenter,rachelbennett@grant.com,2024-06-06,Nathanport
1168,Maria Greer,bowerskatherine@farley.com,2023-12-26,East Courtneymouth
1169,Kirk Elliott,imoore@jackson.com,2024-07-09,Carrollfort
1170,Lauren Hines,wmiller@jacobs.net,2023-12-17,Lake Willieton
1171,Benjamin Huffman,michellechandler@hotmail.com,2024-09-21,Walkerbury
1172,Stephanie Gordon,samuel67@williams.com,2024-09-25,Jamesburgh
1173,Joshua Patel,gstevens@chang.com,2024-04-27,Shepardshire
1174,Bonnie Johnson DDS,hparker@avila.com,2024-01-25,North Kellyville
1175,Sara Dunn,andersonmelanie@gmail.com,2024-08-15,Lindaburgh
1176,Michael Atkinson,gkelley@hotmail.com,2024-05-26,Johnsonchester
1177,Patricia Baker,terri73@yahoo.com,2023-06-20,Lake Matthewside
1178,Marcus Johnston,donald73@henson-bowen.com,2024-12-29,Torresmouth
1179,Christopher Brown,rileylori@yahoo.com,2025-02-08,Marshallland
1180,Larry Wilson,andrewromero@martin.com,2024-04-09,Leeville
1181,Michelle James,kenneth02@mcguire.com,2024-04-09,Tanyafort
1182,Mr. David Edwards PhD,uward@gmail.com,2023-11-06,East Allen
1183,Krista Ryan,holmesjason@yahoo.com,2024-06-19,New Joelton
1184,Lisa Monroe,hodgevincent@gmail.com,2023-08-13,North Brenda
1185,Jacob Moran,perrychristopher@gmail.com,2023-06-11,New Stephen
1186,Michael Miller,david20@yahoo.com,2023-06-22,Rodriguezburgh
1187,Richard Hayes MD,hawkinsamanda@hotmail.com,2024-07-11,Mitchelltown
1188,Ebony Lee,santiagojulie@moore-willis.com,2024-04-03,Carolynton
1189,Emily Cook,fthompson@howell-boyd.com,2023-11-22,Lake Ronaldland
1190,Julie Hill,danielle50@gmail.com,2023-06-20,West Christopherborough
1191,Billy Martinez,lindsay25@morgan-moore.com,2023-07-23,New Raymondborough
1192,Anthony Arnold,melanie74@yahoo.com,2023-09-27,New Carlport
1193,Daniel Harris,johnsonnancy@rodriguez.com,2025-04-08,Diazville
1194,Michael Marquez,rleonard@gmail.com,2025-03-08,Port Kennethstad
1195,Stephanie Rodriguez,schmidtdaniel@johnson-quinn.com,2023-10-28,Davishaven
1196,David Perez,qking@yahoo.com,2024-08-06,Spencerfort
1197,Jennifer Robinson,harveycarla@fox.org,2024-04-14,Stevenchester
1198,Cody Hansen,dmills@hamilton.com,2025-01-28,South Marthamouth
1199,William Thompson,schmidtcurtis@brooks.com,2023-12-31,Port Loriton
1200,Elaine Cook,jennacampbell@chen.net,2023-09-04,Lake Randallhaven
1201,Amanda Ellis,udyer@gmail.com,2023-10-14,South Ericland
1202,Virginia Riggs,georgelowe@gmail.com,2025-03-18,Kimberlyview
1203,Taylor Summers DVM,brittneywilson@combs-taylor.biz,2023-07-16,North Sandrachester
1204,Mr. Eric Evans MD,normanmurphy@yahoo.com,2023-10-28,Griffinbury
1205,Travis Ramos,smithbenjamin@hotmail.com,2023-06-20,Dicksonmouth
1206,Nicholas Moody,christinarichard@yahoo.com,2025-03-10,Ramosmouth
1207,Jerry Hernandez,conwayelizabeth@hotmail.com,2023-12-01,East Beverly
1208,Ashley Martin,perezlisa@harvey-freeman.org,2025-05-07,Sydneyshire
1209,Lori Mann,ipatel@hotmail.com,2024-07-15,Port Lisafort
1210,Daniel Beltran,villarrealpatricia@gmail.com,2023-10-25,Oscarbury
1211,Shannon Thomas,barbarabenjamin@smith-phillips.com,2023-10-05,East Maria
1212,Daniel Woods,stevensmichelle@hotmail.com,2025-03-20,Davidshire
1213,Jerry Moore,nicole73@higgins-higgins.net,2024-09-09,Duranborough
1214,Randy Perkins,reidemily@haley-newman.info,2024-05-29,Cherylborough
1215,Mackenzie Lee,carterbryan@gmail.com,2025-03-27,South Jamesville
1216,James Martin,drewmartinez@gmail.com,2024-11-17,Stephenstown
1217,William Escobar,vincentcharles@harvey-lamb.com,2024-10-27,West Lucas
1218,Christian Cooper,janetclarke@trujillo.com,2024-06-14,Joshuahaven
1219,Ellen Johnson,webbjoseph@green-gonzalez.com,2024-03-23,Arthurland
1220,Brett Rodgers,dawn23@hughes.com,2024-07-20,Nelsonside
1221,Kathleen Mcfarland,hduncan@gmail.com,2023-11-15,Hensleyfurt
1222,Kathleen Mckay,leahstephens@bowman.info,2025-01-13,Robertstad
1223,Austin Miller,holmestimothy@gmail.com,2023-11-28,Taylorfort
1224,Debra Gibson,newtonmeredith@stevens.com,2023-08-26,Danielburgh
1225,Drew White,danielreid@gmail.com,2024-02-13,Williambury
1226,Tracy Hickman,amanda30@gmail.com,2023-12-02,Port Makaylashire
1227,Diana Mora,npatterson@fox.com,2023-12-21,Stevenberg
1228,Melissa Miller,rosalestracy@gmail.com,2023-11-04,Port Denisemouth
1229,Melanie Curtis,timothylester@medina.biz,2024-06-07,Stephensview
1230,Adam Curtis,bruce04@rich-lucas.org,2023-06-25,South Michaelburgh
1231,Dylan Mann,daviddavis@martin.org,2023-12-12,Gregorychester
1232,Angela Pitts,kimberlyjennings@gmail.com,2025-04-30,Alexanderbury
1233,Brittney Barber,walterhensley@simmons.com,2023-08-22,Christinefort
1234,Carlos Williams,michael18@yahoo.com,2025-01-19,West Hannah
1235,Briana Nolan,scottstephen@brown-anderson.net,2024-08-18,Wallview
1236,Joseph Villarreal,john50@lynch.com,2023-11-08,South Kevinstad
1237,Heidi White,davidcarter@gardner.biz,2023-09-15,East Paul
1238,Jessica Hernandez,brandon40@gmail.com,2023-10-15,West Melissaburgh
1239,Kylie Bryant,william60@hotmail.com,2025-04-01,Lisaport
1240,Brandon Rodriguez,edwardsjames@mills.com,2024-06-09,Powellmouth
1241,Austin Vaughn,millerkevin@fuller.com,2023-10-17,North Debbie
1242,Austin Harrison,annadean@gmail.com,2023-08-12,Whitestad
1243,Kyle Gilbert,reyescindy@yahoo.com,2024-05-14,Quinnview
1244,Jennifer Russell,anthony96@smith.com,2024-09-08,Feliciaport
1245,Richard Walker,zschwartz@rodriguez.net,2024-05-03,New Douglasborough
1246,Sharon Solomon DDS,veronica26@gmail.com,2023-06-22,North Danbury
1247,Diana Vang,zsmith@torres.info,2023-12-14,North Ashley
1248,Alexis Woods,middletonbryan@parker.com,2024-04-03,East Julieborough
1249,Jessica Turner,charles69@yahoo.com,2025-04-04,East Christopherville
1250,Alexander Lopez,belltonya@hamilton.com,2024-10-17,Jenningsland
1251,Brandon Jordan,brittanymiller@price.info,2024-02-10,Chadfurt
1252,Ashley Simmons,christopher14@gmail.com,2024-02-14,Port Brian
1253,David Farley DVM,angela86@gmail.com,2024-11-15,Shannonton
1254,Christian Reyes,janet58@evans.info,2024-12-03,North Joseph
1255,Justin Alvarez,vrogers@hotmail.com,2023-10-07,Perezland
1256,Jessica Estrada,patrick76@leonard.com,2024-09-30,Morrisonchester
1257,Christina Alvarado,rachelrollins@howard.info,2024-11-25,Smithview
1258,Michael Parrish,kathleen86@day.biz,2025-04-02,Alfredview
1259,Joseph Keith,joshua14@yahoo.com,2024-08-25,Patrickfurt
1260,Claudia Sherman,sherrihunter@hotmail.com,2025-04-13,Robertsfurt
1261,Michelle Reynolds,jeffreybrooks@henderson.com,2023-09-28,Jenniferhaven
1262,Kaitlyn Mooney,davidrubio@johnson.com,2024-12-08,Bowmanfort
1263,Shelia Gonzales,cody59@perez.com,2023-08-18,Heatherhaven
1264,Chad Mcbride,stephanie96@yahoo.com,2023-07-21,Wilsonfort
1265,Adam Brown,erinanderson@cook.net,2024-05-04,Lake Vanessa
1266,Jesse Barry,fwatts@ramirez-wilson.com,2025-03-16,Allenstad
1267,Paul Lee,norrismegan@hotmail.com,2024-09-26,Yvetteport
1268,Michael Snow,jennifergarcia@lara.info,2025-03-24,Port Annafort
1269,Jessica Herring,timothy27@gmail.com,2025-04-29,Stephanieland
1270,Nancy Carlson,wilsonmary@yahoo.com,2024-06-09,Lake Michael
1271,Belinda James,marthaphelps@gmail.com,2023-08-28,Cannonland
1272,Victor Alexander,gardnerderek@jones.com,2023-11-28,Kevinhaven
1273,Angela Fisher,jimenezhenry@yahoo.com,2025-04-18,Deannafort
1274,Mr. Eric Gibson PhD,jennifer48@barrera-ortiz.org,2025-05-12,Port Judithberg
1275,Frank Henson,peter74@myers.com,2023-06-16,Mitchellland
1276,Claudia Osborn,jessejensen@garcia.com,2024-11-06,West Davidton
1277,Jason Khan,robert43@odonnell.info,2025-02-18,South Timothy
1278,Jeffery Reyes,hollywilson@hotmail.com,2023-06-08,Jocelynchester
1279,Samantha Smith,joythompson@hotmail.com,2024-06-26,South Margaret
1280,Daniel Nichols,joshua52@scott.net,2024-01-03,Davisport
1281,Michael Thomas,johnwaller@molina.org,2023-06-28,Martinezfort
1282,Brian Black,anitagonzales@hotmail.com,2023-10-02,East Ericport
1283,Jennifer Romero,vincenthenry@jones-mcgrath.org,2023-06-02,Ericland
1284,Lisa Nguyen,stevenfuller@gmail.com,2024-02-09,Lake Geraldview
1285,David Munoz,gscott@evans.com,2023-09-29,Camposbury
1286,Steven Garcia,stewartmelinda@bernard-phillips.com,2024-01-14,Nicholsonfort
1287,Rebecca Miller,amber41@gmail.com,2024-07-24,East Bryanbury
1288,Tiffany Martinez,heather79@hotmail.com,2025-03-25,North Kimberlyland
1289,Karen Lloyd,ashley81@hammond.org,2023-08-23,Lake Amanda
1290,Brandon Lawson,martinezdanielle@gmail.com,2023-10-18,East Christopherfurt
1291,Mike Scott,hammonddanielle@hotmail.com,2024-02-21,Katelynside
1292,Melissa Mcmahon,johnathan22@ramirez.info,2024-10-13,Jennifermouth
1293,Isaiah Romero,nharris@yahoo.com,2023-06-11,New Stephanieland
1294,Kelly Jones,jonathan03@jarvis.com,2025-03-07,Schwartzton
1295,Thomas Taylor,dana66@gmail.com,2024-09-21,Villarrealport
1296,Louis Patrick,smithlaurie@yahoo.com,2024-06-08,Lake Kyle
1297,Lance Hart,michaelwhite@gmail.com,2024-11-11,Biancaberg
1298,Ellen Avila,dfox@hotmail.com,2023-10-17,Randolphtown
1299,Judy Weiss,scott62@gmail.com,2024-04-01,Port Kelseyport
1300,James Alvarez,martha13@bennett.com,2024-08-13,South Caroline
1301,Bobby Todd,aanderson@warren.com,2024-12-09,South Tara
1302,Tara Merritt,kendraparker@hotmail.com,2024-07-08,Michaelstad
1303,Wendy Jimenez,kimberly93@yahoo.com,2023-10-01,South Lorettastad
1304,Christopher Williams,coltonnelson@adams.com,2024-09-20,West Maryview
1305,Krystal Ellison,jonesscott@yahoo.com,2024-02-05,Stephaniestad
1306,Barbara Garner,mark93@castro.info,2024-06-06,Thomasfort
1307,James Tanner,mclaughlincolleen@mason.com,2024-07-10,Blakestad
1308,Angela Potts,jordan61@zimmerman.org,2025-05-12,Washingtonberg
1309,Jane Williams,fcastillo@andrews.com,2024-11-04,Ramirezfort
1310,Austin Murphy,jonathonhorton@harris.com,2024-07-26,Charlesshire
1311,Janice Jennings,rtran@miller.com,2025-03-14,Ballardside
1312,Christopher Davis,katherinepreston@walker.org,2024-12-15,Miguelstad
1313,Whitney Boyer,ihernandez@yahoo.com,2025-04-13,Smithland
1314,Ian Sharp,pwaters@hotmail.com,2023-09-10,Hurleyland
1315,Dr. Tamara Moody,dwhite@hotmail.com,2024-09-23,South Donald
1316,Raymond Garcia,sjenkins@campbell.org,2024-08-17,Crystalmouth
1317,Amanda Garcia,angela79@yahoo.com,2024-03-15,South Joshuaville
1318,Samantha Gutierrez,drewwalker@jackson.net,2025-01-21,Michelleshire
1319,Michelle Sullivan,grimesamy@saunders.com,2025-02-01,Jacobborough
1320,Ruben Holland,pattersonpatrick@booker.info,2024-09-08,New Jessica
1321,Teresa Gilbert,trichards@yahoo.com,2024-02-21,Jenniferberg
1322,Francisco Lynch,tammy76@brewer.net,2024-11-03,Carolynbury
1323,Christopher Romero,mark87@yu-smith.com,2024-02-01,New Michaelchester
1324,Daniel Summers,buckleychristopher@yahoo.com,2023-10-29,Meredithmouth
1325,Rhonda Cooper,adam76@hotmail.com,2025-03-14,Janiceland
1326,Cynthia Graves,nkelley@yahoo.com,2023-06-18,Shepherdmouth
1327,Justin Brown,daniel56@hotmail.com,2023-10-20,New Matthewstad
1328,James Knox,laurie90@gmail.com,2024-07-16,East Jesse
1329,Dawn Allen,natalie22@collins-schroeder.com,2024-06-28,Davidfurt
1330,Jim Campbell,louis85@gmail.com,2024-04-20,Erikmouth
1331,Sarah Gomez,rsimpson@bailey-coffey.org,2023-11-12,Larryberg
1332,Mario Vasquez MD,lewisjames@gmail.com,2023-06-02,Lake Traci
1333,Donna Nash,todd52@hotmail.com,2025-05-09,South Lawrence
1334,Beverly Fernandez,robertalexander@barnes.com,2023-09-03,Ashleyburgh
1335,Evelyn Stafford,rodriguezwilliam@hotmail.com,2024-10-23,Antoniomouth
1336,Heather Fernandez,brenda94@yahoo.com,2023-08-07,Jasonburgh
1337,Jonathan Hurst,torresallen@gmail.com,2023-12-17,North Amandatown
1338,Troy West,benjaminbrandi@yahoo.com,2023-12-11,Salazarhaven
1339,Paul Juarez,shermanmargaret@frazier.com,2023-09-29,East Stacyside
1340,Anna Jennings,gsmith@hotmail.com,2023-09-13,Lake James
1341,Michael Hayes,timothygiles@miller-atkins.com,2024-02-06,South Margaret
1342,Adam Hernandez,lee61@yahoo.com,2023-10-05,West Melanietown
1343,Marc Matthews,emily77@young.net,2024-03-28,Martinezborough
1344,Nancy Browning,lbaker@richardson.biz,2024-05-11,Port Helen
1345,Jennifer Torres,pwheeler@hotmail.com,2025-01-15,South Daniel
1346,Roberto Kelley,regina68@yahoo.com,2023-07-01,Sharonstad
1347,Angela Ayala,smithangela@hotmail.com,2024-11-29,Douglasmouth
1348,Carrie Chandler,billy27@hotmail.com,2023-09-02,Taylorberg
1349,Ryan Miller,dustinperez@yahoo.com,2024-01-14,Rebeccaberg
1350,Robert Johnson,donaldford@gmail.com,2024-03-31,Kellyfort
1351,Kenneth Chapman,james51@woods.com,2023-08-17,Maryland
1352,Joe Lynch,htaylor@mendoza.com,2025-04-21,Heatherview
1353,Austin Robinson,hallbriana@hotmail.com,2024-08-28,Tracyfurt
1354,Justin Osborne,santosdaisy@decker-moore.com,2023-07-27,Nicolemouth
1355,Tracy Smith,benjaminyates@pineda.com,2025-03-04,Timothyland
1356,Edward Acevedo,benjamin94@gray-graham.biz,2024-03-17,East Russell
1357,Russell Moran,ymanning@warren.org,2024-11-04,New Rhondafort
1358,Margaret Lowe,stephaniecook@thomas.biz,2023-06-10,Angelaville
1359,Amanda Gibson,nhardy@gmail.com,2023-12-05,Rosemouth
1360,Lisa Gibson,heatherbeltran@white.biz,2024-10-07,North Craigtown
1361,Jason Lopez,gregory50@frye.com,2024-12-26,Boonehaven
1362,Kayla Hoover,jonathanevans@gmail.com,2024-09-18,South Linda
1363,Andrew Hancock,brettmoran@davis.com,2024-09-01,New Christine
1364,Tanner Torres,trujillojessica@lewis-watts.info,2024-10-16,Jamesborough
1365,Debra Brooks,kholder@gmail.com,2024-11-01,Jacobfort
1366,Damon Moore,lucasjennifer@reyes-mullins.net,2024-11-19,Bowmanborough
1367,Suzanne Martinez,nhines@sanders-fischer.com,2024-05-09,East Stevebury
1368,Tracy Johnson,dduarte@yahoo.com,2024-01-29,Ramseyborough
1369,Michael Howard,wfarley@powell.com,2023-08-18,Reedstad
1370,Jared Duffy,emily78@lee.com,2023-08-26,Lorrainetown
1371,Megan Gentry,brittany94@yahoo.com,2024-06-20,East Robertborough
1372,Matthew Howell,dudleyglenn@foster.net,2025-05-23,Mooreton
1373,Robert Hughes,vincent76@gmail.com,2023-09-23,Lake Garrett
1374,Melissa Randolph,samantha85@yahoo.com,2024-09-03,Port Mandy
1375,Jason Terry,cathywallace@hotmail.com,2024-01-09,Kristinside
1376,Jamie Cervantes,watersmatthew@ryan.com,2025-04-14,Port Jenny
1377,David Freeman,johnsonjose@gibson.com,2025-04-27,Port Nancyfurt
1378,Brandi Santana,joe84@jordan-grant.com,2024-10-08,South Sharon
1379,Miss Theresa Vasquez,tinawallace@perry-sullivan.org,2024-09-03,Lake Susan
1380,Ronald Odom,troman@hotmail.com,2024-06-21,Riceville
1381,Kiara Ward,ztaylor@yahoo.com,2024-11-09,Lanceton
1382,Megan Jacobs,bennettsandra@hotmail.com,2024-02-29,Emmabury
1383,Yvonne Williams,vstrickland@gmail.com,2025-04-07,South Oliviafort
1384,Tanya Lopez,robertsonjoseph@beltran.biz,2023-09-24,Brooksborough
1385,Brooke Cunningham,robinsonroberto@rodriguez.com,2024-02-01,West Meganchester
1386,Jessica Schneider,wayne43@yahoo.com,2023-08-17,Jonathanburgh
1387,Jacob Coleman,alyssagreen@gmail.com,2023-07-12,East Charlotteberg
1388,Amanda Harris,kjones@yahoo.com,2024-06-06,Laurenville
1389,Maurice Parker,schmidtaudrey@gmail.com,2024-01-02,West Linda
1390,Brittany Lindsey,lindamcdaniel@page-thomas.com,2024-03-17,West Jessica
1391,Ronald Blanchard,guy95@pearson-ryan.com,2023-11-30,Avilafurt
1392,Timothy Martin,matthewstrickland@vasquez.com,2024-03-05,Fullertown
1393,Jimmy Davis,cody17@hotmail.com,2025-02-07,New Heathershire
1394,Michael Davis,samantha83@wright.com,2025-01-15,Cruzview
1395,Amanda Goodwin,monica89@gmail.com,2024-06-15,North Meganmouth
1396,David Kim,jenniferbrooks@lamb-peters.info,2023-12-26,South Travismouth
1397,Dennis Boyd,shannon92@gmail.com,2024-06-28,Ellisville
1398,Bryce Evans,sonya79@hotmail.com,2023-11-07,Tylertown
1399,Jordan Benitez,josephcarolyn@montoya.biz,2023-07-23,Loristad
1400,Lindsay Baker,jose76@gmail.com,2024-09-14,Frederickchester
1401,Steven Durham,towens@simon.biz,2025-04-13,Shawnview
1402,Melanie Cook,oanderson@gmail.com,2024-10-10,Caseyfurt
1403,Christopher Garcia,taylorgross@wright.org,2024-06-27,Port Steven
1404,James Mcneil,mark41@gmail.com,2024-02-11,Lake Christopher
1405,Shelly Wilson,kmartin@gmail.com,2025-02-19,New Nicoleborough
1406,Sandra Pham,daniel63@yahoo.com,2023-12-08,Sullivanmouth
1407,David Rogers,jenniferjohnson@hotmail.com,2025-02-26,South Lisa
1408,Sierra Gordon,flowersdrew@hotmail.com,2024-03-23,Gutierrezmouth
1409,Donna Mitchell,hmiller@gmail.com,2024-03-11,Collinsfort
1410,William Mendoza,jonesgregory@yahoo.com,2024-06-25,Danielfort
1411,Morgan Holloway,dmurray@hotmail.com,2023-08-18,Lake Jonathan
1412,Bryan Cox,liuzachary@ellis.com,2024-04-01,Munozhaven
1413,Thomas Cook,amandawebb@gmail.com,2025-03-01,Ryanside
1414,Gabriela Adams,brendarobinson@smith.info,2023-12-18,Tammyhaven
1415,Michael Garcia,rgarcia@bray.com,2025-01-02,New Mathewland
1416,Jennifer Harper,richard22@hotmail.com,2024-11-07,East Davidside
1417,Jacqueline Murphy,hlarsen@yahoo.com,2025-03-08,Joneston
1418,Mark Sullivan,april65@bridges.info,2025-05-08,Murilloport
1419,Jacob Wright,qwilliams@gmail.com,2023-08-06,Lake Rhonda
1420,Perry Velazquez,gramirez@hotmail.com,2023-10-30,Brianport
1421,Cheryl Hurst,gsmith@turner-chaney.com,2023-12-30,Lake Erinhaven
1422,Dylan Ward,alvarezjessica@love-ware.com,2024-09-29,South Brentton
1423,Heidi Pollard,kiara89@hotmail.com,2024-07-12,Burtonbury
1424,Victoria Guerrero,gwilkerson@burke-wright.com,2023-08-07,Pamelaport
1425,James Smith,daniel64@jones.com,2023-12-28,Kerriville
1426,Micheal Carter,brownjohn@yahoo.com,2023-08-01,West Elizabeth
1427,Stephanie Rubio,jennifer72@johnson.com,2024-01-05,South Alexandra
1428,Wendy Odonnell,michellewood@gmail.com,2024-11-30,East Christopher
1429,Brittany Cowan,matthewwagner@johnson-garrett.com,2023-12-16,New Edwardside
1430,Melanie Gonzalez,lawsonbrittany@james-lee.biz,2024-02-01,Lake Veronicachester
1431,Katherine Perez,jali@hotmail.com,2023-10-12,Barrtown
1432,Paul Sandoval,emily64@robinson.info,2024-01-30,Marytown
1433,Nicholas Conway,rvasquez@baxter.org,2025-01-30,Taylortown
1434,Shane Woodward,nroberson@montgomery.com,2024-11-01,East Williamshire
1435,Jonathan Hughes,gyang@haynes-fletcher.com,2025-01-04,New Tiffanyfort
1436,Joseph Morgan,steven71@gmail.com,2023-07-28,Tonyaborough
1437,Alicia Sanders,pedroodonnell@lynch-espinoza.info,2023-07-02,Angelafurt
1438,Linda Ward,alison90@hardy.org,2025-02-24,Serranoside
1439,Desiree Mcdonald,amanda65@gmail.com,2024-05-27,South Heather
1440,David Long,andrew23@gmail.com,2024-11-18,Port Stephanie
1441,Kristen Ramirez,lisaanderson@yahoo.com,2024-10-28,Jonathanmouth
1442,Andrea Welch,linda40@hotmail.com,2025-02-03,Marymouth
1443,Daniel Lopez,tcolon@hotmail.com,2023-07-14,West Corey
1444,Luis Navarro,rosslarry@yahoo.com,2023-06-24,New Eddie
1445,Courtney Osborne,reyesjennifer@hotmail.com,2025-02-09,South Cheyenne
1446,Christine Davis,williamshailey@gmail.com,2024-02-23,Scottshire
1447,Suzanne Patel,salinassuzanne@hotmail.com,2024-06-29,Anthonychester
1448,Edgar Reeves,colin53@day.info,2024-11-26,Jennifermouth
1449,Jeffrey Diaz,meganleach@gmail.com,2023-06-18,Chapmanview
1450,Pamela Solis,shannon95@rivera.com,2024-07-30,Lake Debbie
1451,Brett Smith,littlemelissa@long.org,2023-11-07,Grayland
1452,William Martin,travis60@bowman-hardy.net,2023-12-14,North Samanthafort
1453,Laura Gutierrez,kspencer@gmail.com,2024-11-20,Kramerville
1454,Cody Chung,rfriedman@patterson.com,2024-08-21,Andrewtown
1455,Linda Martinez,michaelbaker@gmail.com,2024-01-11,East Brianstad
1456,Danielle Hampton,christopherreed@yahoo.com,2024-08-29,East Sarahside
1457,Crystal Smith,michelle42@gmail.com,2023-09-02,North Douglas
1458,Isaac Butler,lewisanthony@bates.net,2023-12-10,North Ryan
1459,Teresa Hicks,tara34@gmail.com,2024-11-21,Emilymouth
1460,Alicia Williams,monique59@gmail.com,2024-01-20,Lake Catherine
1461,Jessica Morales,haley23@solis.net,2024-12-30,Hannamouth
1462,Robert Garcia,lhall@gmail.com,2024-10-19,Hortonstad
1463,John Holmes,kimberlyhowe@williams-jimenez.com,2025-03-05,New Coleland
1464,Kristina Stokes,christopher74@hotmail.com,2023-10-31,Caitlinland
1465,Courtney Flores,kyle73@quinn-robertson.info,2023-06-03,Jennifershire
1466,James Jackson,moorekevin@smith.org,2024-07-29,New Juliafort
1467,Thomas Chaney,williamwilliams@copeland.com,2025-04-16,Jamesburgh
1468,Gregory Bryant,alex11@lutz.com,2024-03-19,East Alexandra
1469,Megan Alexander,dtaylor@yahoo.com,2023-11-17,West Danny
1470,Alyssa Schwartz,ndickerson@hotmail.com,2024-09-07,Samanthaport
1471,Matthew Scott,simmonsrobert@weber.com,2024-04-18,Dianaport
1472,Tina Zuniga,michaelking@henson.com,2024-02-22,Nicholashaven
1473,Chad Duncan,garyhayes@jenkins.biz,2024-04-06,West Kathleenshire
1474,Kyle Johnson,hhill@yahoo.com,2024-12-03,Port Michaelfurt
1475,Marcus Meadows,betty35@gmail.com,2024-02-23,Hartmanborough
1476,Tyler Cox,grant20@gonzalez.com,2023-06-02,Port Jessicamouth
1477,Mark Marks,samuelwilliams@abbott.biz,2023-09-10,East Amberview
1478,Daniel Price,marcuschan@kramer-manning.com,2024-03-24,New Daniel
1479,James Castillo,rothsarah@hotmail.com,2025-01-12,Bowenville
1480,Melinda Holmes,thomascraig@allen.com,2023-12-08,Smithview
1481,Daniel Bruce,preed@baker-weaver.com,2024-09-23,Wilsonville
1482,Amber Burke,brownscott@hotmail.com,2024-05-29,North Joshua
1483,Grant Rivera,dhudson@yahoo.com,2024-01-13,West Carrietown
1484,Robert Hernandez,thomas95@raymond.com,2024-11-19,West Robertport
1485,Michelle Green,nathan75@yahoo.com,2024-01-10,New Sarah
1486,Molly Gonzalez,amandawilliams@jones.net,2024-01-15,Martinside
1487,Kathleen Mccullough,ronaldadams@harris.com,2023-08-30,Johnsonborough
1488,Christina Gonzales,samantha63@yahoo.com,2024-11-17,North Kathrynborough
1489,Jenna Price,rhonda70@adkins-williams.com,2024-05-06,Lake John
1490,Gregory Yu,jacob40@hardy-wagner.info,2024-09-29,Lake Kimtown
1491,Amanda Stewart,anthonyjenkins@daniel-rivera.info,2023-09-25,South Alexbury
1492,Curtis Robertson MD,vjensen@gmail.com,2024-08-04,Williamsborough
1493,Christine Murphy,noah70@gray-buck.net,2024-06-20,Vanessaborough
1494,Rhonda Chan,umartin@yahoo.com,2025-05-24,East Barbarachester
1495,Cody Skinner,hriddle@hotmail.com,2023-12-26,Port Chelsey
1496,Christopher Conner,ramirezdonna@copeland.info,2023-12-19,North Peter
1497,Tiffany Conley,catherinebradford@gallagher-wilson.com,2024-03-30,Calhounfort
1498,Betty Davis,millernicole@hotmail.com,2025-04-13,Mccoyfort
1499,Daniel Garza,erica47@cooley-sutton.com,2023-10-18,Travisville
1500,Marcus Bonilla,bryanhernandez@yahoo.com,2025-01-03,Hollandville
